PLAYER,POSITION,TEAM,AGE,GAMES_PLAYED,WINS,LOSSES,MIN_TOTAL,MIN_PER_GAME,DEF_RTG,DREB_TOTAL,DREB_PER_GAME,DREB_PCT,PCT_TEAM_DREB,STL_TOTAL,STL_PER_GAME,PCT_TEAM_STL,BLK_TOTAL,BLK_PER_GAME,PCT_TEAM_BLK,OPP_PTS_OFF_TOV_TOTAL,OPP_PPG_OFF_TOV,OPP_2ND_CHANCE_PTS_TOTAL,OPP_2ND_CHANCE_PPG,OPP_FB_PTS_TOTAL,OPP_FB_PPG,OPP_PAINT_PTS_TOTAL,OPP_PAINT_PPG,DEF_WS_TOTAL,DEF_WS_PER_GAME,DFGM,DFGA,DFG_PCT
A.J. Lawson,G,TOR,24,26,14,12,486,18.7,111.1,66,2.5,12.8,19.9,13,0.5,15.3,6,0.2,15.4,176,6.8,168,6.5,182,7,520,20,1.7,0.064,75,164,45.7
AJ Green,G,MIL,25,73,44,29,1659,22.7,107.6,156,2.1,8.7,12.6,37,0.5,14.1,7,0.1,4.8,545,7.5,428,5.9,483,6.6,1578,21.6,7.3,0.1,344,751,45.8
AJ Johnson,G,WAS,20,29,8,21,638,22,115.6,51,1.8,7.3,11.8,12,0.4,13.2,3,0.1,4.9,240,8.3,237,8.2,242,8.3,690,23.8,1.3,0.045,117,261,44.8
Aaron Gordon,F,DEN,29,51,33,18,1447,28.4,113,167,3.3,10.9,16.4,23,0.5,9.6,14,0.3,12.1,555,10.9,410,8,472,9.3,1562,30.6,4.1,0.08,277,579,47.8
Aaron Holiday,G,HOU,28,62,39,23,792,12.8,103.6,65,1,7.3,10.8,19,0.3,14.1,11,0.2,12,285,4.6,234,3.8,223,3.6,796,12.8,4.6,0.074,138,329,41.9
Aaron Nesmith,G-F,IND,25,45,29,16,1122,24.9,111.5,141,3.1,11.8,18.4,35,0.8,17.7,17,0.4,13.7,311,6.9,343,7.6,290,6.4,1182,26.3,3.6,0.081,191,439,43.5
Aaron Wiggins,G,OKC,26,76,62,14,1744,22.9,106.6,214,2.8,11.3,17.6,60,0.8,15.6,18,0.2,9.8,430,5.7,604,7.9,407,5.4,1630,21.4,8.2,0.107,374,794,47.1
Adam Flagler,G,OKC,25,37,34,3,203,5.5,96.7,20,0.5,8.6,12.7,8,0.2,21.1,3,0.1,15.8,57,1.5,58,1.6,45,1.2,168,4.5,1.5,0.041,30,73,41.1
Adama Sanogo,F,CHI,23,4,2,2,21,5.4,122.2,1,0.3,5.3,7.1,0,0,0,0,0,0,13,3.3,7,1.8,7,1.8,16,4,0,0.001,5,12,41.7
Adem Bona,F,PHI,22,58,12,46,905,15.6,114,153,2.6,16.4,25.8,26,0.4,16.6,69,1.2,60,343,5.9,308,5.3,303,5.2,916,15.8,2.3,0.04,224,491,45.6
Ajay Mitchell,G,OKC,23,36,31,5,597,16.6,100.2,50,1.4,8,11.8,25,0.7,17.5,4,0.1,7.4,129,3.6,158,4.4,118,3.3,512,14.2,3.8,0.106,87,202,43.1
Al Horford,C-F,BOS,39,60,44,16,1659,27.6,108.1,290,4.8,16.5,24,36,0.6,15.9,51,0.9,28.3,408,6.8,400,6.7,464,7.7,1602,26.7,7,0.117,357,791,45.1
Alec Burks,G,MIA,33,49,26,23,863,17.6,107.6,109,2.2,11.9,17.8,28,0.6,20.7,7,0.1,10.6,270,5.5,224,4.6,263,5.4,886,18.1,3.8,0.077,129,294,43.9
Alex Caruso,G,OKC,31,54,44,10,1041,19.3,102.5,121,2.2,10.8,17.1,87,1.6,34.1,30,0.6,21.4,287,5.3,328,6.1,247,4.6,838,15.5,6.2,0.114,190,483,39.3
Alex Ducas,G,OKC,24,21,20,1,125,6,106.3,17,0.8,11.9,17,5,0.2,23.8,0,0,0,32,1.5,38,1.8,38,1.8,116,5.5,0.6,0.029,21,40,52.5
Alex Len,C,LAL,32,46,21,25,380,8.3,118.9,57,1.2,14.2,22.5,9,0.2,17.6,21,0.5,51.2,135,2.9,134,2.9,111,2.4,352,7.7,0.4,0.009,103,203,50.7
Alex Reese,F-C,PHI,26,15,4,11,216,14.4,111.8,38,2.5,16.1,25,10,0.7,24.4,10,0.7,33.3,51,3.4,78,5.2,63,4.2,222,14.8,0.7,0.048,82,157,52.2
Alex Sarr,C,WAS,20,67,13,54,1814,27.1,116.4,311,4.6,15.8,24.6,44,0.7,14,101,1.5,47.4,713,10.6,648,9.7,675,10.1,2038,30.4,3.4,0.05,602,1186,50.8
Alondes Williams,G,DET,26,1,0,1,4,3.7,85.7,0,0,0,0,0,0,0,0,0,0,2,2,4,4,2,2,4,4,0,0.036,0,3,0
Alperen Sengun,C,HOU,22,76,52,24,2395,31.5,107.4,524,6.9,21,30.7,84,1.1,20.6,61,0.8,25.7,756,9.9,668,8.8,704,9.3,2410,31.7,10.6,0.139,636,1350,47.1
Amen Thompson,G-F,HOU,22,69,43,26,2225,32.3,107.9,372,5.4,15.9,24.4,97,1.4,24.1,89,1.3,34.6,701,10.2,651,9.4,601,8.7,2270,32.9,9.6,0.139,297,729,40.7
Amir Coffey,G-F,LAC,28,72,41,31,1748,24.3,110.6,129,1.8,7.2,10.9,40,0.6,13.3,7,0.1,4.3,685,9.5,481,6.7,578,8,1746,24.3,6.2,0.086,267,557,47.9
Andre Drummond,C,PHI,31,40,12,28,751,18.8,118.9,201,5,28.8,44.6,39,1,27.1,18,0.5,30,284,7.1,195,4.9,297,7.4,756,18.9,0.8,0.021,204,389,52.4
Andre Jackson Jr.,G,MIL,23,67,39,28,980,14.6,112.1,117,1.7,11.4,16.8,34,0.5,21.8,14,0.2,12.5,350,5.2,269,4,320,4.8,958,14.3,3,0.045,177,371,47.7
Andrew Nembhard,G-F,IND,25,65,44,21,1881,28.9,110.2,182,2.8,9.3,14.1,79,1.2,23.1,11,0.2,5.2,581,8.9,535,8.2,480,7.4,2004,30.8,6.8,0.105,364,776,46.9
Andrew Wiggins,F,MIA,30,60,27,33,1842,30.7,111.7,180,3,9.5,14,60,1,18.9,50,0.8,28.1,657,11,475,7.9,578,9.6,1776,29.6,6,0.1,349,778,44.9
Anfernee Simons,G,POR,26,70,28,42,2292,32.7,113.4,164,2.3,6.9,10.8,60,0.9,16.1,5,0.1,2,843,12,714,10.2,815,11.6,2244,32.1,6.2,0.088,412,815,50.6
Anthony Black,G,ORL,21,78,39,39,1887,24.2,107.1,178,2.3,10,15.1,86,1.1,23.9,48,0.6,19.6,666,8.5,458,5.9,569,7.3,1784,22.9,8.6,0.11,323,714,45.2
Anthony Davis,F-C,DAL,32,51,30,21,1705,33.4,112.9,456,8.9,25.4,38.1,59,1.2,22.4,110,2.2,52.6,577,11.3,513,10.1,569,11.2,1792,35.1,4.8,0.094,371,846,43.9
Anthony Edwards,G,MIN,23,79,48,31,2871,36.3,111.4,389,4.9,13.1,19.7,91,1.2,19.9,51,0.6,16.7,1043,13.2,775,9.8,866,11,2846,36,9.3,0.118,418,907,46.1
Anthony Gill,F,WAS,32,51,7,44,398,7.8,109.7,48,0.9,11.1,18.4,9,0.2,13.6,2,0,5.9,167,3.3,147,2.9,143,2.8,348,6.8,1.5,0.029,73,142,51.4
Anton Watson,F,NYK,24,9,5,4,22,2.5,119.2,2,0.2,11.8,18.2,1,0.1,33.3,0,0,0,14,1.6,8,0.9,4,0.4,34,3.8,0,0.003,4,7,57.1
Antonio Reeves,G,NOP,24,44,6,38,660,15,117.5,45,1,7,10.7,21,0.5,17.9,4,0.1,6.5,285,6.5,187,4.3,250,5.7,696,15.8,1,0.023,96,185,51.9
Ariel Hukporti,C,NYK,23,25,17,8,217,8.7,110.1,37,1.5,15.1,22.7,1,0,3.7,15,0.6,57.7,100,4,66,2.6,66,2.6,224,9,0.8,0.033,56,131,42.7
Armel Traore,F,LAL,22,9,5,4,67,7.4,119.3,13,1.4,22.8,33.3,4,0.4,33.3,2,0.2,33.3,28,3.1,23,2.6,30,3.3,80,8.9,0.1,0.008,12,23,52.2
Ausar Thompson,G-F,DET,22,59,34,25,1328,22.5,109.2,192,3.3,13.9,21,98,1.7,38.6,40,0.7,27.4,477,8.1,401,6.8,393,6.7,1262,21.4,5.3,0.09,226,543,41.6
Austin Reaves,G,LAL,27,73,46,27,2550,34.9,113.3,268,3.7,10.1,15.2,81,1.1,20.1,22,0.3,9.7,887,12.2,750,10.3,927,12.7,2672,36.6,7,0.096,559,1136,49.2
Ayo Dosunmu,G,CHI,25,46,17,29,1394,30.3,117.8,135,2.9,9,13.4,43,0.9,21.8,18,0.4,14.2,534,11.6,468,10.2,450,9.8,1656,36,2,0.043,240,483,49.7
Bam Adebayo,C-F,MIA,27,78,36,42,2674,34.3,110.8,564,7.2,21.4,30.7,98,1.3,22,53,0.7,28,857,11,660,8.5,773,9.9,2598,33.3,9.1,0.117,486,1025,47.4
Baylor Scheierman,G,BOS,24,31,27,4,384,12.4,105.8,46,1.5,11.7,18.1,17,0.5,21,2,0.1,4.9,114,3.7,75,2.4,88,2.8,334,10.8,1.8,0.059,59,143,41.3
Ben Sheppard,G,IND,23,63,40,23,1230,19.5,113.4,133,2.1,10.6,16.4,38,0.6,18,14,0.2,11.6,397,6.3,367,5.8,382,6.1,1384,22,3.4,0.054,207,454,45.6
Ben Simmons,G-F,LAC,28,51,26,25,1120,22,113.5,194,3.8,18.4,27.1,38,0.7,20.7,23,0.5,24,425,8.3,345,6.8,348,6.8,1054,20.7,3,0.059,192,415,46.3
Bennedict Mathurin,G-F,IND,23,72,43,29,2149,29.9,112.2,296,4.1,13.3,19.9,47,0.7,13.1,24,0.3,9.7,744,10.3,620,8.6,539,7.5,2280,31.7,6.5,0.091,404,807,50.1
Bilal Coulibaly,G,WAS,20,59,13,46,1948,33,118.3,203,3.4,9.8,15.1,78,1.3,24,41,0.7,18.6,849,14.4,660,11.2,702,11.9,2208,37.4,2.5,0.043,294,662,44.4
Bismack Biyombo,C,SAS,32,28,10,18,527,18.8,117.9,115,4.1,20.7,31.9,16,0.6,18.4,23,0.8,52.3,171,6.1,170,6.1,160,5.7,544,19.4,0.7,0.026,116,240,48.3
Blake Wesley,G,SAS,22,58,23,35,683,11.8,109.7,44,0.8,6.2,9.5,37,0.6,31.6,6,0.1,9.2,274,4.7,214,3.7,209,3.6,672,11.6,2.6,0.045,114,236,48.3
Bobby Portis,F,MIL,30,49,30,19,1244,25.4,110.8,321,6.6,23.5,34.6,35,0.7,17.7,26,0.5,22.6,430,8.8,364,7.4,343,7,1208,24.7,4.3,0.088,281,625,45
Bobi Klintman,F,DET,22,8,4,4,42,5.3,117.2,6,0.8,18.2,24,2,0.3,33.3,1,0.1,50,19,2.4,6,0.8,8,1,36,4.5,0.1,0.008,6,10,60
Bogdan Bogdanovi?,G,LAC,32,54,33,21,1348,25,110,135,2.5,9.8,14.2,41,0.8,16.9,11,0.2,8.7,458,8.5,322,6,444,8.2,1266,23.4,5.1,0.094,263,552,47.6
Bol Bol,C-F,PHX,25,36,10,26,448,12.5,115.9,84,2.3,16.8,25.4,9,0.3,16.1,25,0.7,43.1,208,5.8,135,3.8,178,4.9,472,13.1,0.9,0.025,101,210,48.1
Bones Hyland,G,MIN,24,24,11,13,239,9.9,108.1,20,0.8,8.3,13.2,18,0.8,33.3,4,0.2,21.1,90,3.8,70,2.9,88,3.7,254,10.6,1,0.042,41,83,49.4
Bradley Beal,G,PHX,32,53,22,31,1702,32.1,118.6,143,2.7,8.3,12.4,58,1.1,21.6,28,0.5,15.8,653,12.3,453,8.5,661,12.5,1674,31.6,2,0.039,334,711,47
Branden Carlson,C,OKC,26,32,29,3,246,7.7,105.8,37,1.2,13.1,20.3,5,0.2,12.8,21,0.7,72.4,69,2.2,92,2.9,74,2.3,234,7.3,1.2,0.039,55,144,38.2
Brandin Podziemski,G,GSW,22,64,38,26,1716,26.8,105.1,260,4.1,15.1,22.4,69,1.1,19.5,13,0.2,8,521,8.1,438,6.8,439,6.9,1570,24.5,8.8,0.137,305,616,49.5
Brandon Boston,G,NOP,23,42,8,34,993,23.6,114.8,106,2.5,10.7,17.3,53,1.3,25.2,9,0.2,9.9,391,9.3,303,7.2,376,9,1104,26.3,2.3,0.054,195,376,51.9
Brandon Clarke,F,MEM,28,64,40,24,1207,18.9,108.2,199,3.1,14.8,23.4,52,0.8,20.8,36,0.6,25,485,7.6,384,6,385,6,1172,18.3,5.1,0.08,232,542,42.8
Brandon Ingram,F,TOR,27,18,5,13,595,33.1,117.7,83,4.6,14,21.4,16,0.9,15,11,0.6,17.5,244,13.6,194,10.8,270,15,654,36.3,0.8,0.046,94,179,52.5
Brandon Miller,F,CHA,22,27,8,19,924,34.2,113.8,106,3.9,11.7,16.9,29,1.1,19.6,20,0.7,22,362,13.4,232,8.6,251,9.3,886,32.8,2.4,0.089,156,338,46.2
Brandon Williams,G,DAL,25,33,15,18,487,14.8,108.8,46,1.4,9.1,13.6,24,0.7,26.4,5,0.2,13.2,178,5.4,147,4.5,190,5.8,614,18.6,2,0.062,95,196,48.5
Braxton Key,F,GSW,28,3,3,0,11,3.6,120.7,1,0.3,16.7,16.7,2,0.7,33.3,0,0,0,12,4,0,0,5,1.7,16,5.3,0,0.003,3,3,100
Brice Sensabaugh,F,UTA,21,71,14,57,1432,20.2,119.5,168,2.4,11,17.5,46,0.6,21.8,8,0.1,6.3,647,9.1,518,7.3,551,7.8,1670,23.5,1.4,0.019,244,495,49.3
Bronny James,G,LAL,20,27,17,10,181,6.7,114.1,14,0.5,7.6,11.9,9,0.3,31,3,0.1,21.4,75,2.8,70,2.6,78,2.9,200,7.4,0.5,0.017,33,72,45.8
Brook Lopez,C,MIL,37,80,47,33,2546,31.8,112.7,288,3.6,10.7,15.3,50,0.6,13.3,148,1.9,56.5,836,10.5,697,8.7,861,10.8,2506,31.3,7.4,0.092,711,1523,46.7
Bruce Brown,G-F,NOP,28,41,15,26,922,22.5,116.8,124,3,13.4,20.5,34,0.8,21.9,10,0.2,11.6,344,8.4,288,7,280,6.8,918,22.4,1.6,0.039,168,334,50.3
Bruno Fernando,F-C,TOR,26,17,2,15,147,8.6,110.1,30,1.8,21,29.1,4,0.2,18.2,9,0.5,45,70,4.1,36,2.1,40,2.4,122,7.2,0.5,0.031,34,71,47.9
Bryce McGowens,G,POR,22,13,8,5,32,2.5,97.1,1,0.1,3.4,5.6,1,0.1,14.3,0,0,0,18,1.4,7,0.5,7,0.5,26,2,0.2,0.019,8,14,57.1
Bub Carrington,G,WAS,19,82,18,64,2458,30,118,308,3.8,11.7,18.1,54,0.7,14.6,21,0.3,7.9,1007,12.3,815,9.9,919,11.2,2726,33.2,3.4,0.041,405,833,48.6
Buddy Hield,G,GSW,32,82,48,34,1863,22.7,110.1,213,2.6,11.1,17.1,69,0.8,20.3,23,0.3,13.2,613,7.5,510,6.2,569,6.9,1876,22.9,6.8,0.083,381,788,48.4
CJ McCollum,G,NOP,33,56,17,39,1832,32.7,119.4,170,3,9.1,14.1,46,0.8,14.3,24,0.4,10.8,696,12.4,629,11.2,663,11.8,2026,36.2,1.8,0.032,328,717,45.7
Cade Cunningham,G,DET,23,70,38,32,2452,35,112.2,369,5.3,14.7,21.3,71,1,17.2,53,0.8,19.9,899,12.8,702,10,745,10.6,2332,33.3,7.5,0.107,458,1039,44.1
Caleb Houstan,G,ORL,22,58,29,29,788,13.6,108.2,56,1,7.3,11.5,22,0.4,16.9,6,0.1,6.5,296,5.1,219,3.8,223,3.8,784,13.5,3.3,0.057,112,229,48.9
Caleb Martin,F,DAL,29,45,17,28,1218,27.1,112.8,124,2.8,10.5,16.6,46,1,20.4,23,0.5,22.5,455,10.1,342,7.6,370,8.2,1254,27.9,3.4,0.076,258,533,48.4
Cam Christie,G,LAC,19,13,10,3,59,4.5,105.6,9,0.7,14.1,21.4,5,0.4,38.5,1,0.1,14.3,26,2,28,2.2,25,1.9,68,5.2,0.3,0.023,6,17,35.3
Cam Reddish,F-G,LAL,25,33,15,18,589,17.9,115.9,49,1.5,8.1,13,33,1,32.7,10,0.3,16.7,232,7,161,4.9,224,6.8,700,21.2,1.2,0.035,94,208,45.2
Cam Spencer,G,MEM,25,25,14,11,252,10.1,109.6,18,0.7,7,10.7,9,0.4,19.6,1,0,3.4,94,3.8,93,3.7,82,3.3,298,11.9,0.9,0.038,39,75,52
Cam Thomas,G,BKN,23,25,8,17,781,31.2,120.6,68,2.7,8.9,14.4,15,0.6,14.2,2,0.1,3.4,268,10.7,271,10.8,267,10.7,880,35.2,0.5,0.019,144,288,50
Cam Whitmore,F,HOU,20,51,30,21,827,16.2,112.3,115,2.3,13.9,21.3,31,0.6,19.7,13,0.3,16.9,299,5.9,254,5,253,5,926,18.2,2.5,0.05,100,228,43.9
Cameron Johnson,F,BKN,29,57,21,36,1800,31.6,116.7,193,3.4,11.3,17.3,53,0.9,19.2,25,0.4,16,700,12.3,485,8.5,650,11.4,1874,32.9,3.2,0.055,296,637,46.5
Cameron Payne,G,NYK,30,72,46,26,1090,15.1,107.5,90,1.3,8.1,12.2,39,0.5,19.5,16,0.2,15.4,329,4.6,279,3.9,277,3.8,1096,15.2,4.9,0.068,155,333,46.5
Caris LeVert,G,ATL,30,64,46,18,1596,24.9,113.4,162,2.5,9.6,14.8,57,0.9,21,33,0.5,21.7,523,8.2,505,7.9,459,7.2,1612,25.2,4.3,0.067,284,650,43.7
Cason Wallace,G,OKC,21,68,55,13,1876,27.6,107.1,158,2.3,7.9,12.1,120,1.8,28.4,35,0.5,14.8,484,7.1,594,8.7,516,7.6,1696,24.9,8.6,0.126,378,807,46.8
Charles Bassey,C-F,SAS,24,36,14,22,376,10.4,117.5,96,2.7,24,35.3,14,0.4,23.3,30,0.8,63.8,153,4.3,119,3.3,144,4,438,12.2,0.6,0.017,109,243,44.9
Chet Holmgren,C-F,OKC,23,32,26,6,877,27.4,105.6,209,6.5,20.8,30.9,23,0.7,12.9,71,2.2,49,227,7.1,270,8.4,261,8.2,730,22.8,4.4,0.139,198,474,41.8
Chris Boucher,F,TOR,32,50,18,32,862,17.2,113.5,154,3.1,17.5,27.9,24,0.5,17.3,25,0.5,32.5,310,6.2,277,5.5,281,5.6,864,17.3,2.3,0.045,160,335,47.8
Chris Duarte,G,CHI,28,17,4,13,74,4.4,102.4,15,0.9,16.5,25.9,0,0,0,0,0,0,20,1.2,22,1.3,19,1.1,84,4.9,0.4,0.026,18,45,40
Chris Livingston,F,MIL,21,21,15,6,106,5,102.2,25,1.2,19.8,32.9,5,0.2,26.3,0,0,0,58,2.8,32,1.5,23,1.1,100,4.8,0.7,0.031,23,48,47.9
Chris Paul,G,SAS,40,82,34,48,2292,28,115,263,3.2,11,16.7,103,1.3,26.8,22,0.3,8.3,759,9.3,705,8.6,764,9.3,2352,28.7,5.1,0.062,405,834,48.6
Christian Braun,G,DEN,24,79,48,31,2675,33.9,114.5,312,3.9,10.9,16.4,85,1.1,19,37,0.5,14.9,918,11.6,827,10.5,862,10.9,2884,36.5,6.4,0.081,476,989,48.1
Christian Koloko,C,LAL,25,37,23,14,342,9.2,106,57,1.5,16.5,27.1,8,0.2,12.3,16,0.4,50,125,3.4,102,2.8,133,3.6,326,8.8,1.7,0.046,71,162,43.8
Chuma Okeke,F,CLE,26,9,2,7,197,21.9,122.1,26,2.9,14.1,24.3,5,0.6,16.1,4,0.4,22.2,70,7.8,84,9.3,63,7,232,25.8,0,0.004,49,86,57
Clint Capela,C,ATL,31,55,27,28,1176,21.4,111.5,295,5.4,23.8,36.1,34,0.6,13.9,53,1,40.8,468,8.5,367,6.7,420,7.6,1222,22.2,3.9,0.071,251,528,47.5
Coby White,G,CHI,25,74,35,39,2450,33.1,113.9,248,3.4,9.5,13.8,69,0.9,17.9,16,0.2,7,932,12.6,706,9.5,740,10,2770,37.4,6.3,0.085,430,868,49.5
Cody Martin,F,PHX,29,53,16,37,1173,22.1,111.3,171,3.2,13.6,20.7,56,1.1,28.7,32,0.6,26.4,435,8.2,339,6.4,405,7.6,1164,22,4,0.075,232,485,47.8
Cody Williams,F,UTA,20,50,9,41,1060,21.2,118.5,86,1.7,7.5,11.4,23,0.5,16.1,16,0.3,16.2,479,9.6,357,7.1,439,8.8,1176,23.5,1.3,0.027,214,443,48.3
Colby Jones,G,WAS,23,39,12,27,515,13.2,114.8,66,1.7,12.3,19.8,26,0.7,32.1,13,0.3,21.3,186,4.8,193,4.9,168,4.3,510,13.1,1.1,0.029,91,196,46.4
Cole Anthony,G,MEM,25,67,35,32,1234,18.4,109,158,2.4,13.1,19.7,45,0.7,21.7,32,0.5,19.3,424,6.3,288,4.3,316,4.7,1092,16.3,4.6,0.068,225,473,47.6
Cole Swider,F,TOR,26,10,5,5,170,17,100.5,22,2.2,11.9,18.2,4,0.4,12.9,2,0.2,14.3,52,5.2,56,5.6,51,5.1,174,17.4,1.1,0.112,27,69,39.1
Colin Castleton,C,TOR,25,26,15,11,432,16.6,108.2,69,2.7,14.3,22.5,8,0.3,12.7,10,0.4,27.8,163,6.3,139,5.3,162,6.2,450,17.3,1.8,0.071,96,216,44.4
Collin Gillespie,G,PHX,26,33,12,21,461,14,118.4,56,1.7,12.4,19.6,21,0.6,30.4,5,0.2,15.6,161,4.9,113,3.4,142,4.3,452,13.7,0.6,0.017,102,198,51.5
Collin Sexton,G,UTA,26,63,14,49,1758,27.9,117.9,111,1.8,6,9.1,47,0.7,21.1,6,0.1,3.4,811,12.9,544,8.6,769,12.2,1908,30.3,2.5,0.039,227,480,47.3
Corey Kispert,F,WAS,26,61,14,47,1602,26.3,117.1,145,2.4,8.4,13,26,0.4,11.5,14,0.2,9,684,11.2,523,8.6,571,9.4,1646,27,2.6,0.043,244,528,46.2
Cory Joseph,G,ORL,33,50,26,24,612,12.2,106.9,57,1.1,9.5,14.1,26,0.5,26,4,0.1,7.1,219,4.4,159,3.2,191,3.8,600,12,2.9,0.057,122,248,49.2
Craig Porter Jr.,G,CLE,25,51,40,11,513,10.1,113.5,48,0.9,8.5,12.8,17,0.3,25,15,0.3,31.9,202,4,147,2.9,192,3.8,546,10.7,1.4,0.027,106,225,47.1
Cui Yongxi,F,BKN,22,5,2,3,10,2.1,76,2,0.4,20,28.6,0,0,0,0,0,0,6,1.2,2,0.4,2,0.4,10,2,0.2,0.033,2,4,50
D'Angelo Russell,G,BKN,29,58,26,32,1480,25.5,111.6,142,2.4,9.3,14.5,56,1,21.5,23,0.4,14,523,9,420,7.2,498,8.6,1606,27.7,4.8,0.084,311,641,48.5
D.J. Carton,G,TOR,24,4,1,3,33,8.3,96.1,4,1,9.8,14.3,2,0.5,22.2,0,0,0,13,3.3,10,2.5,9,2.3,24,6,0.3,0.069,5,8,62.5
DaQuan Jeffries,G-F,CHA,27,47,9,38,1072,22.8,118.2,98,2.1,8.7,13.4,26,0.6,19.7,25,0.5,26.3,460,9.8,321,6.8,373,7.9,1094,23.3,1.4,0.03,170,390,43.6
Daeqwon Plowden,G-F,ATL,26,6,3,3,72,11.9,84.2,7,1.2,9.3,12.5,0,0,0,0,0,0,23,3.8,16,2.7,22,3.7,62,10.3,0.8,0.13,15,30,50
Daishen Nix,G,MIN,23,3,3,0,13,4.4,79.3,4,1.3,44.4,44.4,0,0,0,0,0,0,6,2,0,0,8,2.7,14,4.7,0.2,0.059,1,3,33.3
Dalano Banton,F,POR,25,67,28,39,1120,16.7,111.8,105,1.6,8.8,14.6,43,0.6,24.4,34,0.5,23.4,446,6.7,367,5.5,410,6.1,1190,17.8,3.6,0.054,182,410,44.4
Dalen Terry,F,CHI,22,73,33,40,987,13.5,111.6,86,1.2,8,12,44,0.6,26.7,15,0.2,12.9,418,5.7,280,3.8,307,4.2,1090,14.9,3.2,0.044,159,379,42
Dalton Knecht,F,LAL,24,78,47,31,1494,19.2,114.9,179,2.3,11.6,18.5,24,0.3,11.5,8,0.1,6.8,542,6.9,507,6.5,507,6.5,1524,19.5,3.3,0.043,273,557,49
Damian Lillard,G,MIL,34,58,32,26,2093,36.1,114.6,243,4.2,10.8,15.6,70,1.2,24.9,10,0.2,4.8,716,12.3,568,9.8,708,12.2,2102,36.2,5,0.085,326,707,46.1
Damion Baugh,G,CHA,24,15,1,14,370,24.7,121.8,36,2.4,9.8,15.7,15,1,27.8,2,0.1,7.1,184,12.3,120,8,150,10,356,23.7,0.1,0.007,93,171,54.4
Damion Lee,G-F,PHX,32,25,6,19,144,5.8,98.7,17,0.7,10.4,15.5,6,0.2,20.7,0,0,0,47,1.9,36,1.4,38,1.5,142,5.7,1.1,0.042,25,56,44.6
Daniel Gafford,F-C,DAL,26,57,28,29,1226,21.5,113.4,233,4.1,16.8,26.9,23,0.4,12.7,102,1.8,59,497,8.7,406,7.1,382,6.7,1248,21.9,3.3,0.058,380,834,45.6
Daniel Theis,F-C,NOP,33,38,10,28,621,16.3,115.2,120,3.2,19.2,29.3,18,0.5,13,20,0.5,31.3,196,5.2,179,4.7,220,5.8,612,16.1,1.4,0.036,139,283,49.1
Daniss Jenkins,G,DET,23,7,3,4,23,3.2,108.2,2,0.3,18.2,25,0,0,0,0,0,0,11,1.6,0,0,4,0.6,16,2.3,0.1,0.014,4,8,50
Danté Exum,G,DAL,29,20,7,13,372,18.6,115.2,29,1.5,7.4,12.2,12,0.6,20.7,3,0.2,6.8,113,5.7,111,5.6,119,6,476,23.8,0.8,0.041,75,142,52.8
Dario Šari?,F-C,DEN,31,16,7,9,210,13.1,108.7,36,2.3,15.8,25,7,0.4,18.9,1,0.1,6.3,61,3.8,61,3.8,80,5,240,15,0.8,0.052,57,111,51.4
Dariq Whitehead,G-F,BKN,20,20,6,14,246,12.3,109.7,25,1.3,10.5,15.3,6,0.3,13,1,0.1,5.6,101,5.1,60,3,95,4.8,272,13.6,1,0.049,39,86,45.3
Darius Garland,G,CLE,25,75,60,15,2301,30.7,113.4,167,2.2,6.8,10.4,91,1.2,22.4,11,0.1,6,796,10.6,675,9,811,10.8,2346,31.3,6.2,0.083,377,809,46.6
David Duke Jr.,G,SAS,25,6,0,6,34,5.6,91.8,4,0.7,10,14.3,1,0.2,25,0,0,0,14,2.3,8,1.3,6,1,26,4.3,0.3,0.052,5,13,38.5
David Roddy,F,HOU,24,33,9,24,410,12.4,114.6,71,2.2,17.7,26.4,14,0.4,16.3,9,0.3,23.7,185,5.6,105,3.2,133,4,418,12.7,1,0.031,82,181,45.3
Davion Mitchell,G,MIA,26,74,25,49,2027,27.4,110.7,132,1.8,6.3,9.6,72,1,20.4,16,0.2,8.4,696,9.4,565,7.6,595,8,2028,27.4,7.1,0.096,343,750,45.7
Day'Ron Sharpe,C,BKN,23,50,14,36,907,18.1,107.1,181,3.6,20.2,30.8,41,0.8,26.8,42,0.8,45.2,354,7.1,279,5.6,265,5.3,866,17.3,4.1,0.081,193,416,46.4
De'Aaron Fox,G,SAS,27,62,27,35,2241,36.1,114.9,244,3.9,10.6,16.1,91,1.5,25.1,25,0.4,12.4,726,11.7,683,11,574,9.3,2226,35.9,5.2,0.083,439,923,47.6
De'Andre Hunter,F-G,CLE,27,64,38,26,1740,27.2,113.9,214,3.3,11.7,18.1,50,0.8,15.1,13,0.2,7.8,691,10.8,539,8.4,567,8.9,1832,28.6,4.6,0.072,287,636,45.1
De'Anthony Melton,G,BKN,27,6,4,2,121,20.2,97.4,14,2.3,10.4,15.6,7,1.2,21.9,2,0.3,12.5,44,7.3,40,6.7,23,3.8,116,19.3,1,0.16,18,42,42.9
DeAndre Jordan,C,DEN,36,56,37,19,691,12.3,112.1,200,3.6,26.2,38.2,16,0.3,15.7,27,0.5,31.4,275,4.9,210,3.8,266,4.8,652,11.6,2.1,0.037,133,316,42.1
DeMar DeRozan,G-F,SAC,35,77,38,39,2768,35.9,115.3,248,3.2,9,13.1,62,0.8,14.6,32,0.4,13.4,909,11.8,763,9.9,785,10.2,2706,35.1,5.9,0.077,425,850,50
Dean Wade,F-C,CLE,28,59,47,12,1252,21.2,109.4,198,3.4,15,22.4,42,0.7,18,20,0.3,18,376,6.4,342,5.8,423,7.2,1258,21.3,4.8,0.082,232,499,46.5
Deandre Ayton,C,POR,26,40,17,23,1206,30.1,116.8,282,7.1,24.3,36,31,0.8,15.7,39,1,35.8,474,11.9,336,8.4,454,11.4,1186,29.7,2,0.051,282,591,47.7
Dejounte Murray,G,NOP,28,31,9,22,1012,32.6,118.1,183,5.9,18.3,28.8,63,2,28.8,12,0.4,10.1,400,12.9,342,11,399,12.9,1194,38.5,1.4,0.045,208,405,51.4
Delon Wright,G,NYK,33,40,22,18,634,15.9,106.3,39,1,6.1,9,35,0.9,27.8,12,0.3,20.3,233,5.8,171,4.3,195,4.9,644,16.1,3,0.076,109,245,44.5
Deni Avdija,F,POR,24,72,33,39,2161,30,114.5,412,5.7,19,29,71,1,20.4,35,0.5,15,801,11.1,656,9.1,790,11,2128,29.6,5.2,0.072,443,913,48.5
Dennis Schröder,G,DET,31,75,37,38,2105,28.1,112.8,171,2.3,8,12.5,66,0.9,21,12,0.2,5.6,753,10,618,8.2,640,8.5,2160,28.8,6,0.081,373,774,48.2
Dereck Lively II,C,DAL,21,36,21,15,833,23.1,106.4,166,4.6,18.6,27.5,20,0.6,13,56,1.6,54.4,290,8.1,269,7.5,240,6.7,864,24,3.9,0.109,247,538,45.9
Derrick Jones Jr.,F,LAC,28,77,48,29,1873,24.3,108.7,170,2.2,9.2,13.2,79,1,21.2,33,0.4,19.3,668,8.7,460,6,626,8.1,1830,23.8,7.7,0.099,306,659,46.4
Derrick White,G,BOS,30,76,58,18,2574,33.9,109.5,274,3.6,10.1,14.9,72,0.9,20.3,80,1.1,26.1,707,9.3,707,9.3,776,10.2,2514,33.1,9.9,0.13,463,1053,44
Desmond Bane,G,ORL,27,69,38,31,2205,32,113.3,356,5.2,15,22.8,80,1.2,20.5,28,0.4,11.4,919,13.3,689,10,742,10.8,2174,31.5,6.5,0.094,308,709,43.4
Devin Booker,G,PHX,28,75,35,40,2795,37.3,118.5,229,3.1,8,12.2,67,0.9,16.8,16,0.2,6.1,993,13.2,821,10.9,990,13.2,2860,38.1,3.4,0.046,454,920,49.3
Devin Carter,G,SAC,23,36,18,18,396,11,109.3,57,1.6,14.7,21.5,21,0.6,30.4,4,0.1,12.9,115,3.2,100,2.8,120,3.3,366,10.2,1.5,0.043,71,135,52.6
Devin Vassell,G-F,SAS,24,64,24,40,1983,31,118.1,221,3.5,10.7,16.9,84,1.3,24.3,33,0.5,14.7,741,11.6,648,10.1,622,9.7,2158,33.7,2.7,0.042,323,651,49.6
Dillon Brooks,G-F,HOU,29,75,49,26,2388,31.8,108.8,200,2.7,8.1,12.1,60,0.8,14.7,16,0.2,7,727,9.7,689,9.2,662,8.8,2454,32.7,9.5,0.127,500,1068,46.8
Dillon Jones,F,OKC,23,54,45,9,551,10.2,102.9,91,1.7,15.3,23.6,16,0.3,14.3,4,0.1,8,157,2.9,170,3.1,139,2.6,472,8.7,3.1,0.058,86,204,42.2
Domantas Sabonis,F-C,SAC,29,70,36,34,2429,34.7,113.9,705,10.1,28.6,41.5,48,0.7,12.5,26,0.4,12.9,828,11.8,641,9.2,654,9.3,2368,33.8,6.2,0.089,595,1192,49.9
Dominick Barlow,F,ATL,22,35,13,22,375,10.7,111.8,50,1.4,13.9,20.7,9,0.3,14.5,16,0.5,45.7,153,4.4,106,3,117,3.3,416,11.9,1.2,0.034,102,211,48.3
Donovan Clingan,C,POR,21,67,29,38,1324,19.8,109.7,310,4.6,21.8,32.9,34,0.5,15.6,110,1.6,65.1,517,7.7,412,6.1,520,7.8,1274,19,5.1,0.076,390,910,42.9
Donovan Mitchell,G,CLE,28,71,55,16,2232,31.4,109.1,265,3.7,11.2,16.9,95,1.3,23.5,17,0.2,7.9,683,9.6,625,8.8,641,9,2102,29.6,8.9,0.125,280,632,44.3
Donte DiVincenzo,G,MIN,28,62,37,25,1606,25.9,109.1,196,3.2,11.5,17.5,73,1.2,25.6,17,0.3,9.9,620,10,486,7.8,452,7.3,1616,26.1,6.4,0.104,252,539,46.8
Dorian Finney-Smith,F,LAL,32,63,36,27,1819,28.9,110.3,167,2.7,8.9,13.6,58,0.9,19.2,23,0.4,15.1,602,9.6,549,8.7,526,8.3,1816,28.8,6.5,0.103,320,717,44.6
Doug McDermott,F,SAC,33,42,21,21,342,8.1,109.9,19,0.5,5.4,7.8,4,0.1,9.1,2,0,6.7,86,2,77,1.8,75,1.8,334,8,1.3,0.03,63,142,44.4
Draymond Green,F,GSW,35,68,42,26,1983,29.2,108.8,340,5,16.8,25.1,99,1.5,24.4,70,1,33.2,674,9.9,520,7.6,579,8.5,1814,26.7,8.1,0.119,425,982,43.3
Drew Eubanks,F-C,LAC,28,61,25,36,746,12.2,114.8,166,2.7,21.1,32.3,12,0.2,10.5,39,0.6,52,322,5.3,205,3.4,286,4.7,786,12.9,1.8,0.029,192,428,44.9
Drew Peterson,F,BOS,25,25,17,8,186,7.4,102.9,31,1.2,16.1,24,5,0.2,17.2,2,0.1,8.3,68,2.7,48,1.9,46,1.8,160,6.4,1.1,0.043,21,62,33.9
Drew Timme,F,BKN,24,9,3,6,254,28.2,115.5,48,5.3,19.4,26.5,4,0.4,10.8,1,0.1,7.7,97,10.8,56,6.2,82,9.1,286,31.8,0.6,0.061,56,116,48.3
Dru Smith,G,MIA,27,14,8,6,268,19.2,100.5,24,1.7,8.6,12.4,21,1.5,38.2,6,0.4,28.6,94,6.7,58,4.1,87,6.2,224,16,1.8,0.126,52,119,43.7
Duncan Robinson,F,MIA,31,74,30,44,1786,24.1,109.9,149,2,8.4,12.1,40,0.5,14.2,6,0.1,4.7,612,8.3,467,6.3,537,7.3,1784,24.1,6.6,0.089,271,579,46.8
Duop Reath,C,POR,29,46,19,27,469,10.2,114.5,48,1,11.1,17.2,12,0.3,14.1,14,0.3,36.8,191,4.2,133,2.9,183,4,502,10.9,1.1,0.025,130,257,50.6
Dwight Powell,F-C,DAL,33,55,25,30,551,10,109.7,71,1.3,13.1,20.2,18,0.3,18.8,21,0.4,42,190,3.5,172,3.1,195,3.5,578,10.5,2.1,0.038,164,335,49
Dyson Daniels,G,ATL,22,76,37,39,2571,33.8,114.2,325,4.3,12.7,18.9,229,3,41,55,0.7,20.1,1071,14.1,696,9.2,898,11.8,2770,36.4,6.3,0.083,555,1143,48.6
E.J. Liddell,F,CHI,24,12,6,6,53,4.4,126.4,6,0.5,10.2,15,1,0.1,25,1,0.1,33.3,8,0.7,19,1.6,12,1,54,4.5,-0.1,-0.005,14,26,53.8
Elfrid Payton,G,NOP,31,24,3,21,511,21.3,113.1,64,2.7,11.4,17.7,24,1,27.3,11,0.5,18.6,200,8.3,176,7.3,180,7.5,498,20.8,1.4,0.06,73,178,41
Elijah Harkless,G,UTA,25,10,1,9,138,13.8,103.5,12,1.2,9.2,13.3,10,1,43.5,1,0.1,11.1,57,5.7,36,3.6,27,2.7,128,12.8,0.7,0.074,25,50,50
Emanuel Miller,F,CHI,25,6,4,2,25,4.1,130.4,4,0.7,13.8,22.2,1,0.2,50,0,0,0,3,0.5,11,1.8,2,0.3,18,3,-0.1,-0.009,3,6,50
Emoni Bates,F,CLE,21,10,9,1,75,7.5,110.5,7,0.7,7.5,11.9,1,0.1,25,1,0.1,9.1,35,3.5,19,1.9,36,3.6,92,9.2,0.3,0.027,9,23,39.1
Enrique Freeman,F,IND,24,22,7,15,181,8.2,110.7,19,0.9,10.6,16.4,3,0.1,7.9,3,0.1,13,68,3.1,35,1.6,66,3,200,9.1,0.7,0.03,37,80,46.3
Eric Gordon,G,PHI,36,39,12,27,768,19.7,116.4,38,1,5.2,8.7,26,0.7,17.8,12,0.3,16.9,303,7.8,246,6.3,258,6.6,826,21.2,1.4,0.037,97,202,48
Evan Mobley,C,CLE,24,71,58,13,2167,30.5,108.6,495,7,21.3,32.2,61,0.9,16.4,113,1.6,52.3,719,10.1,609,8.6,633,8.9,2024,28.5,9,0.126,542,1218,44.5
Franz Wagner,F,ORL,23,60,33,27,2023,33.7,105.8,286,4.8,14.6,21.4,75,1.3,19.4,21,0.4,8.5,636,10.6,498,8.3,569,9.5,1848,30.8,9.9,0.166,293,614,47.7
Fred VanVleet,G,HOU,31,60,41,19,2111,35.2,108.8,189,3.2,8.9,13.3,94,1.6,25.1,25,0.4,12.1,597,10,584,9.7,517,8.6,2112,35.2,8.4,0.14,333,722,46.1
GG Jackson,F,MEM,20,29,19,10,459,15.8,118.6,65,2.2,13,21.5,12,0.4,17.9,5,0.2,8.6,184,6.3,182,6.3,166,5.7,496,17.1,0.6,0.019,86,179,48
Gabe Vincent,G,LAL,29,72,46,26,1527,21.2,110.7,72,1,4.5,7,51,0.7,21.7,13,0.2,9,535,7.4,452,6.3,529,7.3,1572,21.8,5.3,0.074,268,596,45
Garrett Temple,G-F,TOR,39,28,11,17,227,8.1,111.1,20,0.7,9,13.9,17,0.6,30.4,2,0.1,10.5,98,3.5,59,2.1,92,3.3,220,7.9,0.8,0.029,43,91,47.3
Garrison Mathews,G,ATL,28,47,21,26,830,17.6,111.4,74,1.6,8.5,12.9,26,0.6,17.4,15,0.3,15.8,308,6.6,242,5.1,262,5.6,804,17.1,2.7,0.058,142,280,50.7
Gary Harris,G,ORL,30,48,28,20,711,14.8,103.2,44,0.9,6.3,9.6,26,0.5,18.3,12,0.3,14.3,258,5.4,185,3.9,226,4.7,684,14.3,4.1,0.086,103,241,42.7
Gary Payton II,G,GSW,32,62,36,26,927,15,110.1,132,2.1,13.4,21.2,52,0.8,26.7,17,0.3,16.2,330,5.3,274,4.4,258,4.2,914,14.7,3.5,0.056,159,333,47.7
Gary Trent Jr.,G,MIL,26,74,44,30,1893,25.6,114,148,2,7.4,11.1,72,1,25.4,4,0.1,2.7,611,8.3,604,8.2,599,8.1,1942,26.2,4.8,0.065,297,603,49.3
Georges Niang,F,ATL,32,79,55,24,1697,21.5,114.1,225,2.8,12.6,19.6,28,0.4,10.3,14,0.2,9.3,523,6.6,526,6.7,498,6.3,1660,21,4.2,0.053,356,723,49.2
Giannis Antetokounmpo,F,MIL,30,67,40,27,2289,34.2,111.7,651,9.7,26.6,38.7,58,0.9,16.9,78,1.2,33.3,738,11,607,9.1,722,10.8,2180,32.5,7.3,0.109,357,788,45.3
Goga Bitadze,C-F,ORL,25,70,38,32,1429,20.4,107.4,296,4.2,22.7,32.9,49,0.7,18.6,98,1.4,49,535,7.6,352,5,409,5.8,1300,18.6,6.2,0.089,341,758,45
Gradey Dick,G-F,TOR,21,54,15,39,1587,29.4,116.1,149,2.8,9.2,14.2,48,0.9,19.8,10,0.2,6.8,616,11.4,489,9.1,558,10.3,1704,31.6,3.1,0.057,284,569,49.9
Grant Williams,F,CHA,26,16,6,10,479,29.9,113.3,64,4,13.4,19.8,18,1.1,21.7,13,0.8,29.5,171,10.7,133,8.3,124,7.8,462,28.9,1.3,0.083,120,253,47.4
Grayson Allen,G,PHX,29,64,29,35,1544,24.1,118,160,2.5,10.3,15.7,54,0.8,24,19,0.3,12.5,590,9.2,444,6.9,580,9.1,1592,24.9,2.1,0.034,264,559,47.2
Guerschon Yabusele,F,PHI,29,70,23,47,1895,27.1,116.7,261,3.7,14.9,23.8,58,0.8,16.1,24,0.3,16.3,623,8.9,590,8.4,575,8.2,2044,29.2,3.3,0.046,413,793,52.1
Gui Santos,F,GSW,23,56,36,20,762,13.6,107.3,100,1.8,12.7,19.1,25,0.4,16.9,10,0.2,16.1,247,4.4,219,3.9,181,3.2,678,12.1,3.4,0.061,164,352,46.6
Harrison Barnes,F,SAS,33,82,34,48,2230,27.2,115.6,213,2.6,9.1,13.9,39,0.5,10.8,14,0.2,5.6,755,9.2,698,8.5,767,9.4,2366,28.9,4.5,0.055,429,851,50.4
Harrison Ingram,F,SAS,22,5,0,5,35,7,92,7,1.4,17.5,24.1,3,0.6,42.9,0,0,0,14,2.8,4,0.8,6,1.2,26,5.2,0.3,0.063,5,8,62.5
Haywood Highsmith,F,MIA,28,74,35,39,1818,24.6,110.4,180,2.4,9.8,14.4,68,0.9,21,37,0.5,27.4,619,8.4,493,6.7,568,7.7,1808,24.4,6.5,0.087,406,857,47.4
Herbert Jones,F,NOP,26,20,5,15,648,32.4,112.5,56,2.8,8.5,13.6,37,1.9,27,9,0.5,11.1,254,12.7,198,9.9,209,10.5,690,34.5,1.9,0.096,118,236,50
Hunter Tyson,F,DEN,25,51,30,21,400,7.8,108.7,53,1,12.4,17.7,10,0.2,15.2,6,0.1,15.4,156,3.1,100,2,136,2.7,372,7.3,1.7,0.033,85,176,48.3
Immanuel Quickley,G,TOR,26,33,12,21,918,27.8,110.7,101,3.1,10.7,15.9,23,0.7,17,4,0.1,5.4,297,9,268,8.1,287,8.7,932,28.2,3.2,0.097,150,306,49
Isaac Jones,F,SAC,24,40,19,21,304,7.6,115.1,35,0.9,12,17.1,5,0.1,11.9,10,0.3,33.3,119,3,67,1.7,93,2.3,298,7.5,0.7,0.017,68,149,45.6
Isaac Okoro,F-G,CLE,24,55,44,11,1053,19.1,109.7,81,1.5,7.2,10.8,32,0.6,17.7,16,0.3,16.3,344,6.3,287,5.2,341,6.2,962,17.5,4,0.072,164,388,42.3
Isaiah Collier,G,UTA,20,71,14,57,1839,25.9,118.6,203,2.9,10.4,16.1,66,0.9,25,16,0.2,9.6,806,11.4,581,8.2,686,9.7,1982,27.9,2.2,0.031,365,718,50.8
Isaiah Crawford,F,SAC,23,15,7,8,46,3,92.7,7,0.5,14.9,23.3,1,0.1,11.1,2,0.1,50,17,1.1,6,0.4,9,0.6,32,2.1,0.4,0.027,5,14,35.7
Isaiah Hartenstein,C-F,OKC,27,57,49,8,1590,27.9,105.3,448,7.9,26.2,38.3,47,0.8,14.7,62,1.1,34.3,413,7.2,459,8.1,426,7.5,1406,24.7,8,0.14,395,852,46.4
Isaiah Jackson,F,IND,23,5,1,4,84,16.8,107.1,17,3.4,16.8,27,3,0.6,25,8,1.6,80,27,5.4,27,5.4,34,6.8,82,16.4,0.4,0.079,19,46,41.3
Isaiah Joe,G,OKC,25,74,63,11,1604,21.7,104.1,155,2.1,8.9,13.6,48,0.6,15.5,9,0.1,5.1,434,5.9,518,7,399,5.4,1392,18.8,8.7,0.117,265,573,46.2
Isaiah Mobley,F,PHI,25,1,0,1,17,17.4,110,3,3,15.8,23.1,1,1,50,1,1,100,2,2,6,6,7,7,22,22,0.1,0.071,9,17,52.9
Isaiah Stevens,G,MIA,24,3,3,0,6,1.8,30.8,2,0.7,22.2,33.3,1,0.3,33.3,0,0,0,0,0,0,0,0,0,0,0,0.2,0.056,,,
Isaiah Stewart,F-C,DET,24,72,38,34,1434,19.9,108.6,269,3.7,17,25.8,28,0.4,13.8,101,1.4,59.4,555,7.7,482,6.7,400,5.6,1362,18.9,5.9,0.082,346,798,43.4
Isaiah Wong,G,CHA,24,20,2,18,266,13.3,102.6,18,0.9,7.1,10.2,11,0.6,19.6,0,0,0,123,6.2,47,2.4,77,3.9,210,10.5,1.5,0.076,32,71,45.1
Ivica Zubac,C,LAC,28,80,50,30,2624,32.8,107.1,710,8.9,27.1,38.3,55,0.7,10.4,90,1.1,40.4,971,12.1,636,8,819,10.2,2472,30.9,11.8,0.147,669,1461,45.8
JD Davison,G,BOS,22,16,13,3,93,5.8,105.4,11,0.7,11.8,21.2,5,0.3,25,1,0.1,7.7,44,2.8,23,1.4,29,1.8,98,6.1,0.5,0.028,7,22,31.8
JT Thor,F,WAS,22,20,10,10,249,12.5,115.3,28,1.4,10.1,16.5,8,0.4,25,9,0.5,28.1,85,4.3,100,5,87,4.4,228,11.4,0.5,0.026,38,92,41.3
Ja Morant,G,MEM,25,50,30,20,1519,30.4,109.6,171,3.4,10.1,15.4,61,1.2,21,12,0.2,7.5,618,12.4,436,8.7,506,10.1,1516,30.3,5.8,0.117,232,505,45.9
Ja'Kobe Walter,G,TOR,20,52,19,33,1103,21.2,111.1,101,1.9,9.2,14.2,43,0.8,21.8,10,0.2,9.7,394,7.6,336,6.5,352,6.8,1220,23.5,3.7,0.072,205,438,46.8
Jabari Smith Jr.,F,HOU,22,57,40,17,1716,30.1,106.1,294,5.2,16.2,23,25,0.4,9.6,41,0.7,23.2,581,10.2,423,7.4,500,8.8,1686,29.6,8.3,0.145,294,622,47.3
Jabari Walker,F,POR,22,60,23,37,749,12.5,107.6,152,2.5,19.8,33,33,0.6,22.1,6,0.1,7.7,278,4.6,239,4,256,4.3,806,13.4,3.4,0.056,127,282,45
Jack McVeigh,G-F,HOU,29,9,5,4,43,4.8,93.9,3,0.3,5.6,8.3,0,0,0,2,0.2,18.2,11,1.2,10,1.1,12,1.3,34,3.8,0.4,0.044,10,22,45.5
Jackson Rowe,F,GSW,28,6,4,2,52,8.6,103.5,8,1.3,16.7,21.6,4,0.7,40,0,0,0,20,3.3,10,1.7,12,2,48,8,0.3,0.051,5,14,35.7
Jacob Toppin,F,ATL,25,17,13,4,75,4.4,104.4,12,0.7,14.8,21.8,2,0.1,18.2,0,0,0,44,2.6,28,1.6,23,1.4,68,4,0.4,0.023,13,33,39.4
Jaden Hardy,G,DAL,22,57,30,27,907,15.9,111.6,80,1.4,8.5,13,28,0.5,18.1,5,0.1,6.2,375,6.6,271,4.8,287,5,968,17,3,0.052,132,278,47.5
Jaden Ivey,G,DET,23,30,14,16,898,29.9,114.6,84,2.8,9.1,13.3,28,0.9,25.7,11,0.4,11.5,334,11.1,266,8.9,274,9.1,832,27.7,2.1,0.069,154,320,48.1
Jaden McDaniels,F,MIN,24,82,49,33,2614,31.9,109.9,341,4.2,12.6,18.6,110,1.3,25.5,74,0.9,27.2,924,11.3,714,8.7,812,9.9,2562,31.2,9.6,0.118,512,1113,46
Jaden Springer,G,UTA,22,43,22,21,365,8.5,108.9,41,1,10.7,16.3,24,0.6,30.8,4,0.1,14.8,153,3.6,111,2.6,121,2.8,398,9.3,1.5,0.034,47,96,49
Jae Crowder,F,SAC,34,9,3,6,103,11.4,109.2,14,1.6,13.3,19.2,3,0.3,20,0,0,0,29,3.2,24,2.7,27,3,96,10.7,0.4,0.045,20,34,58.8
Jae'Sean Tate,F,HOU,29,52,38,14,588,11.3,104.7,67,1.3,10.8,16.5,26,0.5,22.6,7,0.1,11.9,195,3.8,158,3,166,3.2,648,12.5,3.2,0.062,82,209,39.2
Jahlil Okafor,C-F,IND,29,1,0,1,3,3.4,62.5,1,1,25,25,0,0,0,0,0,0,0,0,0,0,0,0,2,2,0.1,0.066,0,3,0
Jahmir Young,G,CHI,24,6,4,2,30,4.9,123.5,2,0.3,5.9,8.7,0,0,0,0,0,0,11,1.8,9,1.5,9,1.5,24,4,0,-0.001,8,9,88.9
Jaime Jaquez Jr.,G,MIA,24,66,32,34,1368,20.7,113.9,206,3.1,14.5,21.5,61,0.9,27.9,14,0.2,12.4,488,7.4,383,5.8,443,6.7,1372,20.8,3.5,0.054,266,643,41.4
Jake LaRavia,F,SAC,23,66,40,26,1349,20.4,111.2,169,2.6,12,18.5,62,0.9,24.7,23,0.3,14.4,591,9,424,6.4,443,6.7,1402,21.2,4.7,0.071,280,571,49
Jakob Poeltl,C,TOR,29,57,21,36,1686,29.6,111.9,358,6.3,20.6,30.4,66,1.2,22.8,71,1.2,42.8,662,11.6,465,8.2,519,9.1,1696,29.8,5.3,0.093,439,910,48.2
Jalen Bridges,F,PHX,24,8,1,7,30,3.8,88.7,4,0.5,12.1,15.4,0,0,0,0,0,0,5,0.6,7,0.9,2,0.3,30,3.8,0.3,0.037,1,5,20
Jalen Brunson,G,NYK,28,65,40,25,2301,35.4,115.7,160,2.5,7.2,10.9,60,0.9,16.3,8,0.1,4.7,738,11.4,609,9.4,741,11.4,2402,37,4.6,0.071,381,782,48.7
Jalen Duren,C,DET,21,78,43,35,2034,26.1,114,530,6.8,25.9,37.9,54,0.7,16.3,89,1.1,41.6,742,9.5,562,7.2,651,8.3,2012,25.8,5.2,0.066,528,1058,49.9
Jalen Green,G,HOU,23,82,52,30,2697,32.9,111.1,332,4,12,18,71,0.9,15.3,27,0.3,10.3,934,11.4,767,9.4,812,9.9,2858,34.9,9.1,0.111,435,925,47
Jalen Hood-Schifino,G,PHI,22,15,3,12,315,21,123.5,24,1.6,7.7,12.3,5,0.3,10.4,7,0.5,21.9,98,6.5,124,8.3,105,7,356,23.7,-0.1,-0.005,55,119,46.2
Jalen Johnson,F,ATL,23,36,18,18,1284,35.7,110.2,297,8.3,21.6,32.5,56,1.6,20.8,36,1,23.1,572,15.9,369,10.3,476,13.2,1282,35.6,4.8,0.132,224,518,43.2
Jalen McDaniels,F,WAS,27,4,2,2,7,1.8,77.8,0,0,0,0,1,0.3,100,0,0,0,2,0.5,0,0,4,1,8,2,0.1,0.027,0,3,0
Jalen Pickett,G,DEN,25,49,31,18,666,13.6,109.7,56,1.1,7.8,11.5,19,0.4,18.3,5,0.1,6.7,245,5,190,3.9,189,3.9,628,12.8,2.5,0.05,91,236,38.6
Jalen Smith,F-C,CHI,25,64,28,36,962,15,111.5,268,4.2,24.1,37.1,17,0.3,11.2,44,0.7,35.8,363,5.7,325,5.1,272,4.3,1036,16.2,3.2,0.05,232,488,47.5
Jalen Suggs,G,ORL,24,35,20,15,1002,28.6,104.8,118,3.4,12.6,18.2,51,1.5,23.2,33,0.9,23.6,391,11.2,220,6.3,269,7.7,960,27.4,5.3,0.152,169,372,45.4
Jalen Williams,G-F,OKC,24,69,55,14,2237,32.4,106.5,310,4.5,13.1,20.1,111,1.6,21,46,0.7,16.8,609,8.8,704,10.2,590,8.6,2036,29.5,10.6,0.154,282,677,41.7
Jalen Wilson,F,BKN,24,79,25,54,2031,25.7,113.7,195,2.5,10.2,15.5,40,0.5,12,5,0.1,2.9,812,10.3,526,6.7,656,8.3,2038,25.8,5.3,0.067,327,671,48.7
Jamal Cain,F,NOP,26,37,6,31,502,13.6,119.3,58,1.6,11.7,18.6,23,0.6,28.4,9,0.2,21.4,213,5.8,172,4.6,178,4.8,570,15.4,0.5,0.014,87,210,41.4
Jamal Murray,G,DEN,28,67,41,26,2418,36.1,115.5,216,3.2,8.4,12.7,91,1.4,23.8,33,0.5,14.4,836,12.5,738,11,815,12.2,2654,39.6,5,0.075,526,1103,47.7
Jamal Shead,G,TOR,22,75,28,47,1467,19.6,113.3,85,1.1,5.7,9.1,58,0.8,22.4,10,0.1,7.8,565,7.5,505,6.7,476,6.3,1514,20.2,4,0.054,259,519,49.9
Jamaree Bouyea,G,MIL,26,5,4,1,62,12.3,117.8,4,0.8,5.8,10,4,0.8,57.1,2,0.4,25,32,6.4,26,5.2,8,1.6,56,11.2,0.1,0.018,11,24,45.8
James Harden,G,LAC,35,79,50,29,2789,35.3,109.2,401,5.1,14.3,20.7,118,1.5,22,55,0.7,21.4,1019,12.9,707,8.9,866,11,2692,34.1,10.9,0.138,490,1034,47.4
James Johnson,F,IND,38,12,5,7,37,3.1,110.5,6,0.5,17.6,28.6,0,0,0,2,0.2,50,10,0.8,10,0.8,9,0.8,42,3.5,0.1,0.011,5,13,38.5
James Wiseman,C,IND,24,1,1,0,5,4.6,141.7,1,1,25,50,0,0,0,0,0,0,0,0,2,2,2,2,6,6,0,-0.031,4,6,66.7
Jamison Battle,F,TOR,24,59,21,38,1042,17.7,113.4,121,2.1,11.7,18,17,0.3,10.4,10,0.2,12.8,433,7.3,314,5.3,427,7.2,1122,19,2.8,0.048,160,351,45.6
Jarace Walker,F,IND,21,75,45,30,1187,15.8,112.1,204,2.7,17.8,26.4,54,0.7,23.9,25,0.3,20.8,437,5.8,278,3.7,371,4.9,1266,16.9,3.7,0.05,225,418,53.8
Jared Butler,G,PHI,24,60,6,54,1044,17.4,114.5,85,1.4,7.6,12,42,0.7,22.2,13,0.2,10.1,365,6.1,368,6.1,353,5.9,1036,17.3,2.6,0.043,180,400,45
Jared McCain,G,PHI,21,23,7,16,592,25.7,111.4,43,1.9,7.6,12,15,0.7,14.6,0,0,0,216,9.4,167,7.3,199,8.7,590,25.7,1.9,0.084,129,252,51.2
Jared Rhoden,G,TOR,25,14,8,6,226,16.2,103.4,28,2,11.3,16.8,10,0.7,23.3,2,0.1,11.1,73,5.2,77,5.5,79,5.6,256,18.3,1.3,0.093,50,94,53.2
Jaren Jackson Jr.,F-C,MEM,25,74,42,32,2207,29.8,108.8,326,4.4,13.4,19.9,92,1.2,22.9,113,1.5,40.9,822,11.1,640,8.6,745,10.1,2056,27.8,8.9,0.121,398,951,41.9
Jarred Vanderbilt,F,LAL,26,36,25,11,581,16.1,112.2,114,3.2,19.4,30,35,1,34.7,10,0.3,27,213,5.9,173,4.8,209,5.8,626,17.4,1.8,0.05,110,234,47
Jarrett Allen,C,CLE,27,82,64,18,2296,28,111.3,582,7.1,23.8,35.4,77,0.9,18.2,73,0.9,38.6,787,9.6,647,7.9,827,10.1,2346,28.6,7.6,0.093,567,1209,46.9
Javonte Green,G,CLE,31,68,24,44,1258,18.5,117,159,2.3,12.2,19.2,65,1,26.7,31,0.5,23.8,456,6.7,399,5.9,546,8,1394,20.5,2.1,0.031,236,522,45.2
Jaxson Hayes,C-F,LAL,25,56,38,18,1093,19.5,109.8,191,3.4,16.3,24.2,31,0.6,17.8,51,0.9,45.1,363,6.5,304,5.4,435,7.8,1050,18.8,4.1,0.074,237,536,44.2
Jay Huff,C,MEM,27,64,37,27,748,11.7,110.1,99,1.5,12,18.2,16,0.3,12.3,56,0.9,52.3,336,5.3,242,3.8,281,4.4,810,12.7,2.8,0.043,228,478,47.7
Jaylen Brown,G-F,BOS,28,63,46,17,2158,34.3,111.7,286,4.5,12.6,18.5,73,1.2,24,19,0.3,7.4,608,9.7,571,9.1,661,10.5,2124,33.7,7,0.111,347,739,47
Jaylen Clark,G,MIN,23,40,28,12,522,13,109.6,27,0.7,5.3,8.1,36,0.9,33.6,2,0.1,4.5,159,4,149,3.7,161,4,526,13.2,2.1,0.052,88,192,45.8
Jaylen Martin,G,WAS,21,16,3,13,239,14.9,120.7,33,2.1,14.1,22.1,9,0.6,25,0,0,0,99,6.2,91,5.7,80,5,272,17,0.1,0.009,49,98,50
Jaylen Nowell,G,NOP,25,8,1,7,168,21,114,14,1.8,8.6,12.6,1,0.1,4.8,4,0.5,25,60,7.5,52,6.5,63,7.9,184,23,0.4,0.051,29,57,50.9
Jaylen Sims,G,CHA,26,6,0,6,112,18.6,120.4,3,0.5,2.5,4.1,3,0.5,18.8,1,0.2,12.5,58,9.7,42,7,34,5.7,82,13.7,0.1,0.013,11,37,29.7
Jaylen Wells,F,MEM,21,79,47,32,2043,25.9,111.9,181,2.3,8.3,12.2,44,0.6,12.5,8,0.1,3.5,818,10.4,591,7.5,712,9,2020,25.6,6.4,0.081,348,771,45.1
Jaylin Williams,F,OKC,23,47,40,7,784,16.7,103,214,4.6,25.1,36.4,22,0.5,14.4,29,0.6,39.2,243,5.2,227,4.8,180,3.8,648,13.8,4.5,0.096,190,452,42
Jaylon Tyson,G-F,CLE,22,47,37,10,453,9.6,108.8,59,1.3,11.7,17.2,13,0.3,19.7,3,0.1,8.1,173,3.7,128,2.7,170,3.6,448,9.5,1.8,0.039,85,208,40.9
Jayson Tatum,F-G,BOS,27,72,53,19,2624,36.4,109.8,575,8,20.6,31.3,76,1.1,19.7,38,0.5,12.7,727,10.1,695,9.7,777,10.8,2594,36,9.9,0.137,336,708,47.5
Jazian Gortman,G,DAL,22,16,8,8,57,3.5,99.2,4,0.3,6.5,9.5,2,0.1,22.2,1,0.1,10,11,0.7,11,0.7,28,1.8,60,3.8,0.4,0.026,13,23,56.5
Jeff Dowtin Jr.,G,PHI,28,41,10,31,621,15.1,116.7,48,1.2,7.9,12.8,24,0.6,23.3,12,0.3,18.5,193,4.7,207,5,210,5.1,686,16.7,1.1,0.026,98,206,47.6
Jeff Green,F,HOU,38,32,20,12,396,12.4,116.1,47,1.5,10.8,16.3,6,0.2,11.5,4,0.1,8.2,103,3.2,141,4.4,102,3.2,458,14.3,0.8,0.024,78,154,50.6
Jerami Grant,F,POR,31,47,22,25,1524,32.4,113.4,137,2.9,8.8,13.6,41,0.9,16.1,46,1,23.1,610,13,477,10.1,543,11.6,1462,31.1,4.1,0.087,220,490,44.9
Jeremiah Robinson-Earl,F,NOP,24,66,17,49,1239,18.8,119,205,3.1,16.6,25.2,39,0.6,19.1,7,0.1,6.4,524,7.9,387,5.9,465,7,1364,20.7,1.4,0.021,254,551,46.1
Jeremy Sochan,F,SAS,22,54,21,33,1364,25.3,114.5,225,4.2,15.4,24.1,45,0.8,18.4,27,0.5,16.4,566,10.5,464,8.6,444,8.2,1454,26.9,3.3,0.06,307,665,46.2
Jericho Sims,C,MIL,26,53,34,19,631,11.9,109.1,126,2.4,19.6,29.1,10,0.2,9.7,19,0.4,46.3,226,4.3,177,3.3,204,3.8,608,11.5,2.5,0.046,123,285,43.2
Jesse Edwards,C,MIN,25,2,2,0,5,2.3,150,0,0,0,0,0,0,0,0,0,0,2,1,2,1,2,1,4,2,-0.1,-0.023,2,2,100
Jett Howard,G,ORL,21,60,29,31,701,11.7,108.7,50,0.8,7.4,11.4,13,0.2,10.8,11,0.2,11.3,265,4.4,175,2.9,208,3.5,686,11.4,2.9,0.049,93,216,43.1
Jevon Carter,G,CHI,29,36,13,23,321,8.9,111.5,35,1,9.4,14.2,13,0.4,27.1,3,0.1,10.3,113,3.1,109,3,86,2.4,332,9.2,1.1,0.029,64,134,47.8
Jimmy Butler III,F,GSW,35,55,36,19,1746,31.7,109.6,171,3.1,10.1,14.7,77,1.4,22.8,18,0.3,12.1,554,10.1,453,8.2,558,10.1,1716,31.2,6.6,0.119,285,598,47.7
Jock Landale,C,HOU,29,42,26,16,500,11.9,112.6,81,1.9,15.1,22.3,13,0.3,14,10,0.2,18.5,173,4.1,152,3.6,154,3.7,546,13,1.5,0.036,143,280,51.1
Joe Ingles,F-G,MIN,37,19,12,7,114,6,113.1,9,0.5,8,11.8,2,0.1,15.4,0,0,0,56,2.9,37,1.9,41,2.2,128,6.7,0.3,0.017,10,31,32.3
Joel Embiid,C-F,PHI,31,19,8,11,574,30.2,109.5,119,6.3,20.7,30.7,14,0.7,10.9,18,0.9,33.3,193,10.2,146,7.7,195,10.3,524,27.6,2.2,0.117,143,302,47.4
John Collins,F-C,UTA,27,40,12,28,1220,30.5,113.3,238,6,17.9,26.5,39,1,23.9,40,1,28.4,568,14.2,346,8.7,443,11.1,1208,30.2,3.3,0.083,226,465,48.6
John Konchar,G,MEM,29,46,26,20,558,12.1,107.8,114,2.5,18.7,28.2,30,0.7,25,14,0.3,21.2,252,5.5,165,3.6,185,4,568,12.3,2.4,0.053,118,253,46.6
Johnny Davis,G,WAS,23,34,4,30,242,7.1,107.2,28,0.8,10.4,17.1,15,0.4,35.7,6,0.2,17.1,95,2.8,89,2.6,70,2.1,204,6,1.1,0.034,37,87,42.5
Johnny Furphy,G,IND,20,50,31,19,379,7.6,105.4,48,1,12.6,19.1,18,0.4,21.4,11,0.2,22,140,2.8,104,2.1,126,2.5,358,7.2,1.9,0.039,71,153,46.4
Johnny Juzang,G,UTA,24,64,15,49,1270,19.8,120.3,142,2.2,10.9,16.8,39,0.6,21.1,8,0.1,9.5,596,9.3,405,6.3,552,8.6,1392,21.8,0.9,0.014,277,552,50.2
Jonas Valan?i?nas,C,SAC,33,81,23,58,1524,18.8,118.8,437,5.4,28.6,41.3,37,0.5,17.6,46,0.6,35.1,654,8.1,452,5.6,512,6.3,1558,19.2,1.8,0.022,465,882,52.7
Jonathan Isaac,F,ORL,27,71,35,36,1090,15.4,106.6,194,2.7,18.8,29.1,61,0.9,28.1,80,1.1,50.3,384,5.4,293,4.1,314,4.4,976,13.7,5.2,0.073,196,410,47.8
Jonathan Kuminga,F,GSW,22,47,28,19,1144,24.3,108.9,161,3.4,13.4,20.3,38,0.8,17.4,21,0.4,16.3,389,8.3,317,6.7,307,6.5,1100,23.4,4.6,0.098,164,372,44.1
Jonathan Mogbo,F,TOR,23,63,18,45,1286,20.4,111.9,202,3.2,15.7,24.7,55,0.9,24.2,34,0.5,30.9,517,8.2,429,6.8,466,7.4,1430,22.7,4.1,0.065,278,594,46.8
Jordan Clarkson,G,UTA,33,37,10,27,962,26,117.5,93,2.5,9.2,14.3,31,0.8,21.1,9,0.2,11.4,481,13,348,9.4,397,10.7,1066,28.8,1.5,0.04,164,330,49.7
Jordan Goodwin,G,LAL,26,29,17,12,543,18.7,112.4,74,2.6,13.5,22,30,1,26.3,11,0.4,22.9,212,7.3,169,5.8,233,8,520,17.9,1.6,0.056,109,210,51.9
Jordan Hawkins,G,NOP,23,56,18,38,1321,23.6,118.1,133,2.4,9.7,15.6,30,0.5,13.6,23,0.4,14.8,502,9,519,9.3,516,9.2,1498,26.8,1.8,0.032,272,571,47.6
Jordan McLaughlin,G,SAS,29,46,17,29,314,6.8,108.9,24,0.5,7.4,11.5,16,0.3,28.1,1,0,3.8,119,2.6,97,2.1,76,1.7,278,6,1.2,0.027,52,107,48.6
Jordan Miller,G,LAC,25,37,21,16,420,11.4,109.8,35,0.9,8.4,12.5,17,0.5,18.5,5,0.1,12.2,152,4.1,111,3,135,3.6,452,12.2,1.6,0.043,80,150,53.3
Jordan Poole,G,WAS,26,68,15,53,2001,29.4,117.9,172,2.5,8,12.4,86,1.3,24.6,27,0.4,11.9,828,12.2,680,10,754,11.1,2262,33.3,2.8,0.042,329,630,52.2
Jordan Walsh,G,BOS,21,52,39,13,403,7.8,108,46,0.9,11.3,18.5,12,0.2,15.4,11,0.2,21.2,141,2.7,119,2.3,127,2.4,414,8,1.7,0.033,68,141,48.2
Jose Alvarado,G,NOP,27,56,19,37,1366,24.4,117.1,109,1.9,7.7,12,74,1.3,32.2,14,0.3,9.3,515,9.2,476,8.5,494,8.8,1400,25,2.2,0.04,205,468,43.8
Josh Christopher,G,MIA,23,14,9,5,69,5,108.2,9,0.6,11.5,15.8,5,0.4,31.3,3,0.2,30,23,1.6,19,1.4,25,1.8,66,4.7,0.3,0.023,8,23,34.8
Josh Giddey,G,CHI,22,70,33,37,2117,30.2,114.4,439,6.3,19.2,28.1,84,1.2,25.3,45,0.6,22.2,801,11.4,628,9,678,9.7,2470,35.3,5.1,0.073,471,987,47.7
Josh Green,G,CHA,24,68,17,51,1888,27.8,114.2,116,1.7,6,9,74,1.1,24.3,15,0.2,8.4,749,11,516,7.6,610,9,1896,27.9,4.7,0.069,321,656,48.9
Josh Hart,G,NYK,30,77,48,29,2897,37.6,114.3,576,7.5,20.3,30.3,119,1.5,24.8,27,0.4,12.3,899,11.7,761,9.9,889,11.5,2986,38.8,7,0.091,569,1175,48.4
Josh Minott,F,MIN,22,46,32,14,276,6,107,35,0.8,11.5,17.5,15,0.3,31.3,12,0.3,54.5,109,2.4,77,1.7,69,1.5,270,5.9,1.3,0.029,53,113,46.9
Josh Okogie,G,CHA,26,40,11,29,625,15.6,109.3,68,1.7,10.8,16.5,48,1.2,42.1,18,0.5,23.7,230,5.8,188,4.7,178,4.5,626,15.7,2.4,0.061,95,218,43.6
Josh Richardson,G,MIA,31,8,4,4,149,18.7,114.7,6,0.8,4.8,6.8,8,1,25.8,1,0.1,14.3,56,7,37,4.6,51,6.4,180,22.5,0.4,0.045,34,51,66.7
Jrue Holiday,G,BOS,35,62,47,15,1896,30.6,107.7,189,3,9.1,13.6,66,1.1,23.2,27,0.4,12,531,8.6,513,8.3,568,9.2,1840,29.7,8.4,0.136,337,759,44.4
Julian Champagnie,F,SAS,24,82,34,48,1932,23.6,114.5,251,3.1,12.1,18.9,61,0.7,18.3,35,0.4,14.4,682,8.3,645,7.9,676,8.2,1970,24,4.7,0.057,420,876,47.9
Julian Phillips,F,CHI,21,79,37,42,1123,14.2,111.1,102,1.3,8.2,12.6,38,0.5,21,20,0.3,18,423,5.4,363,4.6,296,3.7,1206,15.3,3.8,0.048,184,394,46.7
Julian Strawther,G,DEN,23,65,41,24,1383,21.3,114.4,125,1.9,8.3,12.7,39,0.6,16.7,16,0.2,11.6,520,8,439,6.8,481,7.4,1388,21.4,3.4,0.052,242,520,46.5
Julius Randle,F-C,MIN,30,69,44,25,2226,32.3,111.6,343,5,14.9,22.4,47,0.7,13.4,16,0.2,7.2,844,12.2,622,9,708,10.3,2346,34,7.1,0.103,411,894,46
Justin Champagnie,G-F,WAS,24,62,16,46,1341,21.6,116.8,239,3.9,15.9,25.7,65,1,33,39,0.6,28.1,535,8.6,471,7.6,486,7.8,1426,23,2.3,0.038,266,617,43.1
Justin Edwards,F,PHI,21,44,11,33,1155,26.2,123.2,102,2.3,9.4,15.7,45,1,21.6,16,0.4,15.7,423,9.6,433,9.8,396,9,1328,30.2,-0.1,-0.003,243,492,49.4
Justin Minaya,F,POR,26,19,8,11,101,5.3,101.9,5,0.3,5.5,8.8,6,0.3,23.1,1,0.1,25,55,2.9,34,1.8,29,1.5,120,6.3,0.6,0.033,25,48,52.1
Jusuf Nurki?,C,CHA,30,51,18,33,1063,20.8,115.1,313,6.1,28.5,41.6,40,0.8,24.5,34,0.7,41,413,8.1,285,5.6,411,8.1,986,19.3,2.4,0.046,273,576,47.4
KJ Martin,F,UTA,24,43,11,32,911,21.2,117.4,95,2.2,10.3,16.5,17,0.4,11.5,22,0.5,30.1,388,9,317,7.4,345,8,986,22.9,1.4,0.032,140,323,43.3
KJ Simpson,G,CHA,22,36,3,33,842,23.4,116.4,70,1.9,8.1,12.2,34,0.9,26.4,6,0.2,8.6,377,10.5,264,7.3,294,8.2,866,24.1,1.6,0.043,177,335,52.8
Kai Jones,C-F,DAL,24,40,20,20,468,11.7,109.2,85,2.1,17.3,25.5,15,0.4,17.9,23,0.6,60.5,156,3.9,149,3.7,154,3.9,498,12.5,1.8,0.045,118,248,47.6
Karl-Anthony Towns,C-F,NYK,29,72,46,26,2517,35,112.7,708,9.8,28.4,42.3,71,1,17.4,50,0.7,28.1,739,10.3,648,9,729,10.1,2614,36.3,7.4,0.103,609,1196,50.9
Karlo Matkovi?,F-C,NOP,24,42,12,30,791,18.8,114.1,145,3.5,17.7,27.2,22,0.5,16.3,41,1,43.2,323,7.7,284,6.8,249,5.9,766,18.2,2,0.048,217,420,51.7
Kawhi Leonard,F,LAC,34,37,26,11,1180,31.9,107.9,184,5,15.8,22,59,1.6,24.1,17,0.5,15,342,9.2,285,7.7,325,8.8,1088,29.4,5,0.134,180,374,48.1
Keaton Wallace,G,ATL,26,31,15,16,501,16.2,108.4,43,1.4,8,12,28,0.9,29.5,9,0.3,18.4,200,6.5,153,4.9,138,4.5,456,14.7,2,0.066,86,190,45.3
Keegan Murray,F,SAC,24,76,36,40,2610,34.3,113.4,361,4.8,13.4,19.4,61,0.8,15.8,69,0.9,29.5,874,11.5,730,9.6,679,8.9,2522,33.2,7.1,0.094,471,1047,45
Keion Brooks Jr.,F,NOP,24,14,2,12,332,23.7,121.2,46,3.3,13.6,19.9,10,0.7,19.2,10,0.7,35.7,137,9.8,114,8.1,122,8.7,342,24.4,0.1,0.011,74,131,56.5
Kel'el Ware,C,MIA,21,64,28,36,1422,22.2,110.9,357,5.6,23.8,35.6,39,0.6,17.4,71,1.1,47.7,520,8.1,406,6.3,447,7,1492,23.3,4.9,0.077,350,728,48.1
Keldon Johnson,F-G,SAS,25,77,31,46,1838,23.9,115.9,259,3.4,13.6,21.7,49,0.6,14.4,22,0.3,10.7,663,8.6,659,8.6,543,7.1,1948,25.3,3.7,0.048,334,681,49
Kelly Olynyk,F-C,NOP,34,44,12,32,891,20.2,113.4,144,3.3,15.4,24.1,33,0.8,20.6,19,0.4,24.7,342,7.8,304,6.9,313,7.1,886,20.1,2.4,0.055,211,459,46
Kelly Oubre Jr.,F-G,PHI,29,60,21,39,2078,34.6,116.4,271,4.5,14,21.9,92,1.5,21.4,30,0.5,16.8,733,12.2,594,9.9,700,11.7,2172,36.2,3.8,0.064,388,807,48.1
Kenrich Williams,G-F,OKC,30,69,58,11,1132,16.4,104.1,176,2.6,14.8,22.2,43,0.6,19.5,10,0.1,8.8,302,4.4,336,4.9,274,4,980,14.2,6.1,0.088,160,356,44.9
Kentavious Caldwell-Pope,G,MEM,32,77,38,39,2279,29.6,108.6,136,1.8,6.4,9.4,99,1.3,24,34,0.4,12.5,817,10.6,550,7.1,654,8.5,2196,28.5,8.6,0.112,330,664,49.7
Keon Ellis,G,SAC,25,80,39,41,1948,24.4,113.2,152,1.9,7.9,11.6,121,1.5,36.4,63,0.8,33.2,687,8.6,498,6.2,549,6.9,1938,24.2,5.4,0.067,426,887,48
Keon Johnson,G,BKN,23,79,25,54,1925,24.4,114.4,234,3,12.5,18.9,82,1,26.1,30,0.4,17.1,793,10,521,6.6,627,7.9,2012,25.5,4.7,0.06,385,754,51.1
Keshad Johnson,F,MIA,24,16,10,6,98,6.1,104.1,22,1.4,18.8,27.2,5,0.3,27.8,4,0.3,25,39,2.4,31,1.9,30,1.9,94,5.9,0.6,0.036,18,47,38.3
Kessler Edwards,F,DAL,24,40,17,23,608,15.2,122.3,93,2.3,15.4,24.1,19,0.5,20.2,20,0.5,35.7,213,5.3,226,5.7,196,4.9,742,18.6,0.1,0.002,154,302,51
Kevin Durant,F,PHX,36,62,33,29,2265,36.5,117.4,351,5.7,14.7,22,50,0.8,15.8,77,1.2,33.9,887,14.3,657,10.6,806,13,2284,36.8,3.5,0.057,316,768,41.1
Kevin Huerter,G-F,CHI,26,69,39,30,1679,24.3,111.7,175,2.5,9.8,14.7,66,1,24,23,0.3,15.4,640,9.3,510,7.4,423,6.1,1744,25.3,5.3,0.076,315,713,44.2
Kevin Knox II,F,GSW,25,14,11,3,84,6,115.6,10,0.7,14.9,22.7,2,0.1,9.5,4,0.3,44.4,34,2.4,26,1.9,18,1.3,90,6.4,0.2,0.013,16,37,43.2
Kevin Love,F-C,MIA,36,23,13,10,251,10.9,112.3,72,3.1,28.2,39.3,15,0.7,28.3,4,0.2,26.7,108,4.7,60,2.6,114,5,276,12,0.8,0.035,57,110,51.8
Kevin McCullar Jr.,G,NYK,24,4,4,0,29,7.3,96.9,8,2,28.6,34.8,1,0.3,25,1,0.3,50,13,3.3,2,0.5,9,2.3,34,8.5,0.2,0.058,7,10,70
Kevin Porter Jr.,G-F,MIL,25,75,43,32,1482,19.8,108,236,3.1,14.8,22,81,1.1,29.8,13,0.2,8.9,518,6.9,454,6.1,426,5.7,1362,18.2,6.3,0.084,307,647,47.4
Kevon Looney,F,GSW,29,76,45,31,1142,15,106.9,277,3.6,22.7,33.8,46,0.6,22.3,37,0.5,36.3,389,5.1,304,4,337,4.4,1092,14.4,5.3,0.069,282,644,43.8
Keyonte George,G,UTA,21,67,13,54,2108,31.5,122,227,3.4,10.4,16.2,46,0.7,16.1,9,0.1,4.6,971,14.5,721,10.8,906,13.5,2392,35.7,0.5,0.007,418,825,50.7
Khris Middleton,F,WAS,33,37,18,19,843,22.8,112.6,124,3.4,13.2,19.7,35,0.9,23.5,8,0.2,10,303,8.2,240,6.5,287,7.8,842,22.8,2.5,0.068,151,319,47.3
Killian Hayes,G,BKN,23,6,1,5,162,27.1,115.6,13,2.2,8.7,14.1,4,0.7,10.8,4,0.7,14.8,56,9.3,55,9.2,75,12.5,186,31,0.3,0.059,27,54,50
Klay Thompson,G,DAL,35,72,33,39,1965,27.3,115.2,202,2.8,9.7,15,50,0.7,16.3,30,0.4,12.4,688,9.6,647,9,654,9.1,2196,30.5,4.3,0.059,290,629,46.1
Kobe Brown,F,LAC,25,40,25,15,272,6.8,114.7,46,1.2,17.6,27.5,7,0.2,13.7,4,0.1,14.8,104,2.6,85,2.1,95,2.4,284,7.1,0.6,0.016,50,94,53.2
Kobe Bufkin,G,ATL,21,10,6,4,124,12.4,103.3,16,1.6,12.3,17.6,3,0.3,12.5,2,0.2,18.2,55,5.5,27,2.7,54,5.4,116,11.6,0.7,0.071,16,49,32.7
Kris Dunn,G,LAC,31,74,45,29,1783,24.1,106,198,2.7,11.1,16.1,128,1.7,32.8,27,0.4,17.3,676,9.1,441,6,559,7.6,1688,22.8,8.7,0.117,292,674,43.3
Kris Murray,F,POR,24,69,31,38,1040,15.1,107.8,106,1.5,9.6,15.5,35,0.5,16.7,17,0.2,16,437,6.3,312,4.5,363,5.3,1050,15.2,4.6,0.067,160,346,46.2
Kristaps Porzi??is,F-C,BOS,29,42,30,12,1210,28.8,110.3,216,5.1,16.3,23.4,31,0.7,19.9,63,1.5,42.6,354,8.4,323,7.7,399,9.5,1094,26,4.4,0.105,287,683,42
Kyle Anderson,F-G,MIA,31,61,30,31,1002,16.4,107.6,153,2.5,14.8,21.9,40,0.7,21.3,33,0.5,35.1,344,5.6,276,4.5,295,4.8,992,16.3,4.5,0.073,181,393,46.1
Kyle Filipowski,C,UTA,21,72,13,59,1522,21.1,118.9,328,4.6,21.3,33.4,48,0.7,21.1,22,0.3,20.4,678,9.4,477,6.6,599,8.3,1774,24.6,1.7,0.024,420,800,52.5
Kyle Kuzma,F,MIL,29,65,25,40,1936,29.8,116.1,316,4.9,15.5,22.9,36,0.6,12.4,19,0.3,11.8,752,11.6,566,8.7,729,11.2,2028,31.2,3.8,0.059,307,700,43.9
Kyle Lowry,G,PHI,39,35,14,21,659,18.8,109.6,56,1.6,8.6,13.2,33,0.9,27.5,11,0.3,20,226,6.5,185,5.3,195,5.6,590,16.9,2.5,0.071,122,243,50.2
Kylor Kelley,C,NOP,27,11,3,8,126,11.5,130.5,27,2.5,19.4,27.6,1,0.1,11.1,3,0.3,33.3,55,5,42,3.8,44,4,146,13.3,-0.3,-0.026,49,100,49
Kyrie Irving,G,DAL,33,50,28,22,1804,36.1,113.9,180,3.6,9.3,14.8,66,1.3,21.8,23,0.5,9.9,648,13,605,12.1,512,10.2,1924,38.5,4.6,0.091,255,551,46.3
Kyshawn George,F,WAS,21,68,15,53,1802,26.5,115.5,236,3.5,12.2,18.8,68,1,23.9,50,0.7,24.8,754,11.1,599,8.8,599,8.8,1862,27.4,3.8,0.055,392,927,42.3
LaMelo Ball,G,CHA,23,47,16,31,1504,32,116.5,185,3.9,12.1,18.1,54,1.1,21.3,13,0.3,9,553,11.8,410,8.7,512,10.9,1500,31.9,2.8,0.059,227,457,49.7
Lamar Stevens,F,MEM,27,17,7,10,156,9.1,101.8,34,2,18.4,30.9,5,0.3,13.9,3,0.2,16.7,44,2.6,75,4.4,40,2.4,160,9.4,0.9,0.056,34,68,50
Landry Shamet,G,NYK,28,50,30,20,762,15.2,106.5,50,1,6.4,10.2,23,0.5,18.1,2,0,3.1,244,4.9,206,4.1,164,3.3,834,16.7,3.6,0.072,153,293,52.2
Larry Nance Jr.,F-C,ATL,32,24,10,14,463,19.3,116.5,80,3.3,17.4,25.3,20,0.8,21.7,13,0.5,29.5,176,7.3,128,5.3,136,5.7,478,19.9,0.8,0.035,112,216,51.9
Lauri Markkanen,F-C,UTA,28,47,9,38,1476,31.4,117.5,206,4.4,13.4,19.6,33,0.7,17.3,17,0.4,12,649,13.8,420,8.9,567,12.1,1510,32.1,2.2,0.047,246,522,47.1
LeBron James,F,LAL,40,70,44,26,2444,34.9,114,474,6.8,18.7,28.5,70,1,18.6,39,0.6,17.1,872,12.5,734,10.5,847,12.1,2518,36,6.3,0.09,344,775,44.4
Leonard Miller,F,MIN,21,13,11,2,32,2.4,98.6,8,0.6,22.9,33.3,2,0.2,66.7,1,0.1,100,8,0.6,6,0.5,4,0.3,20,1.5,0.2,0.018,4,9,44.4
Lester Quinones,G,NOP,24,13,3,10,183,14.1,110.4,15,1.2,7.6,10.9,3,0.2,11.5,2,0.2,11.1,73,5.6,69,5.3,72,5.5,222,17.1,0.7,0.053,29,69,42
Liam Robbins,C,MIL,25,13,8,5,57,4.4,85.6,5,0.4,8.5,11.4,2,0.2,15.4,2,0.2,20,37,2.8,10,0.8,17,1.3,24,1.8,0.6,0.049,9,19,47.4
Lindy Waters III,F,DET,27,52,27,25,778,15,110.2,90,1.7,11.6,17.8,27,0.5,19.6,11,0.2,14.5,267,5.1,223,4.3,205,3.9,696,13.4,2.8,0.053,144,288,50
Lonnie Walker IV,G-F,PHI,26,20,3,17,477,23.8,118.7,57,2.9,11.7,18.6,10,0.5,12,5,0.3,9.6,201,10.1,167,8.4,198,9.9,522,26.1,0.6,0.029,87,166,52.4
Lonzo Ball,G,CHI,27,35,16,19,777,22.2,108,93,2.7,10.6,15.4,47,1.3,32.9,17,0.5,20.5,264,7.5,238,6.8,212,6.1,810,23.1,3.4,0.096,148,321,46.1
Luguentz Dort,G,OKC,26,71,57,14,2073,29.2,107.3,204,2.9,9.3,14,79,1.1,17.4,39,0.5,15,553,7.8,636,9,571,8,1908,26.9,9.3,0.13,314,750,41.9
Luka Don?i?,F-G,LAL,26,50,31,19,1769,35.4,110.5,369,7.4,19.8,29.9,89,1.8,28.5,21,0.4,12.1,605,12.1,480,9.6,607,12.1,1702,34,6.3,0.126,348,751,46.3
Luka Garza,C,MIN,26,39,28,11,219,5.6,107.5,23,0.6,10.3,16.5,6,0.2,15.4,3,0.1,20,81,2.1,54,1.4,69,1.8,224,5.7,1,0.026,67,126,53.2
Luke Kennard,G,MEM,29,65,37,28,1472,22.6,114.5,146,2.2,9.4,14.3,50,0.8,19.6,5,0.1,3,641,9.9,493,7.6,567,8.7,1528,23.5,3.5,0.054,232,508,45.7
Luke Kornet,C-F,BOS,29,73,53,20,1361,18.6,106.3,198,2.7,13.9,20.8,36,0.5,17.7,71,1,48.6,355,4.9,346,4.7,373,5.1,1150,15.8,6.4,0.087,371,843,44
Luke Travers,F,CLE,23,12,10,2,88,7.3,109.7,12,1,10.8,18.8,1,0.1,10,1,0.1,8.3,32,2.7,31,2.6,40,3.3,108,9,0.3,0.028,20,38,52.6
Mac McClung,G,ORL,26,2,1,1,10,5.1,128.6,1,0.5,10,14.3,0,0,0,0,0,0,7,3.5,4,2,5,2.5,12,6,0,-0.009,1,2,50
Malachi Flynn,G,CHA,27,4,2,2,44,10.9,109.1,4,1,8,13.8,3,0.8,75,0,0,0,11,2.8,13,3.3,9,2.3,54,13.5,0.2,0.042,9,21,42.9
Malaki Branham,F,SAS,22,47,18,29,427,9.1,109.8,44,0.9,9.3,14.1,11,0.2,17.7,2,0,3.8,165,3.5,114,2.4,162,3.4,466,9.9,1.6,0.035,51,126,40.5
Malcolm Brogdon,G,WAS,32,24,6,18,564,23.5,116.9,70,2.9,11.9,17.8,13,0.5,16.5,5,0.2,10.2,230,9.6,175,7.3,178,7.4,622,25.9,0.9,0.04,110,215,51.2
Malevy Leons,F,OKC,25,6,6,0,21,3.5,104.7,2,0.3,9.5,15.4,0,0,0,0,0,0,6,1,6,1,7,1.2,20,3.3,0.1,0.018,4,7,57.1
Malik Beasley,G,DET,28,82,44,38,2283,27.8,110.2,167,2,6.9,10.4,73,0.9,19.6,5,0.1,1.9,830,10.1,698,8.5,654,8,2206,26.9,8.4,0.102,340,691,49.2
Malik Monk,G,SAC,27,65,36,29,2054,31.6,114.5,215,3.3,10.4,15.4,61,0.9,18.6,38,0.6,20.4,700,10.8,592,9.1,560,8.6,2074,31.9,5,0.077,328,710,46.2
MarJon Beauchamp,F,NYK,24,35,19,16,156,4.5,92,33,0.9,19.8,28.7,4,0.1,12.9,1,0,6.7,90,2.6,42,1.2,37,1.1,122,3.5,1.5,0.043,21,61,34.4
Marcus Bagley,F,PHI,23,10,1,9,253,25.3,117,47,4.7,17.5,28.8,9,0.9,19.6,12,1.2,33.3,87,8.7,95,9.5,102,10.2,288,28.8,0.4,0.043,40,102,39.2
Marcus Garrett,G,CHA,26,4,1,3,79,19.8,119.3,5,1.3,5.7,9.6,3,0.8,27.3,2,0.5,14.3,39,9.8,22,5.5,27,6.8,68,17,0.1,0.02,9,33,27.3
Marcus Sasser,G,DET,24,57,30,27,811,14.2,107.5,51,0.9,6,9.5,37,0.6,23.3,4,0.1,4.4,317,5.6,279,4.9,236,4.1,752,13.2,3.6,0.063,122,293,41.6
Marcus Smart,G,WAS,31,34,17,17,680,20,107.3,54,1.6,6.9,11.2,39,1.1,28.3,9,0.3,11,257,7.6,230,6.8,213,6.3,676,19.9,3.2,0.093,93,218,42.7
Mark Williams,C,CHA,23,44,9,35,1171,26.6,118.9,315,7.2,25.5,37.6,32,0.7,20.1,54,1.2,49.5,464,10.5,346,7.9,473,10.8,1254,28.5,1.3,0.03,386,780,49.5
Markelle Fultz,G,SAC,27,21,9,12,184,8.8,105.7,14,0.7,7.7,11.5,10,0.5,32.3,2,0.1,16.7,65,3.1,38,1.8,52,2.5,172,8.2,0.9,0.043,26,61,42.6
Markieff Morris,F,LAL,35,15,7,8,164,11,113.9,20,1.3,11.4,16.8,2,0.1,9.1,3,0.2,20,46,3.1,50,3.3,67,4.5,158,10.5,0.4,0.029,33,68,48.5
Marvin Bagley III,F,MEM,26,31,7,24,265,8.6,108.8,46,1.5,15.9,25.4,9,0.3,16.7,8,0.3,28.6,105,3.4,93,3,79,2.5,260,8.4,1.1,0.034,60,155,38.7
Mason Jones,G,SAC,26,10,4,6,45,4.5,105.3,7,0.7,14.9,26.9,0,0,0,1,0.1,33.3,17,1.7,9,0.9,12,1.2,28,2.8,0.2,0.023,6,12,50
Mason Plumlee,F-C,PHX,35,74,33,41,1300,17.6,115,339,4.6,25.3,38.6,33,0.4,15.9,47,0.6,36.2,495,6.7,363,4.9,470,6.4,1302,17.6,2.9,0.04,379,749,50.6
Matas Buzelis,F,CHI,20,80,39,41,1511,18.9,112.1,223,2.8,13.3,19.4,29,0.4,13.4,75,0.9,41.9,602,7.5,476,6,489,6.1,1624,20.3,4.7,0.058,331,720,46
Matisse Thybulle,G-F,POR,28,15,8,7,312,20.8,105.1,38,2.5,12.2,18.7,33,2.2,47.8,9,0.6,25.7,125,8.3,80,5.3,113,7.5,336,22.4,1.6,0.108,44,95,46.3
Matt Ryan,F,NYK,28,19,14,5,68,3.6,108.8,8,0.4,11.3,16,2,0.1,22.2,0,0,0,41,2.2,17,0.9,22,1.2,78,4.1,0.3,0.015,12,24,50
Max Christie,G,DAL,22,78,40,38,2127,27.3,114.3,220,2.8,10.2,15.6,64,0.8,18.3,31,0.4,14.9,695,8.9,690,8.8,677,8.7,2438,31.3,5.2,0.067,413,874,47.3
Max Strus,G-F,CLE,29,50,39,11,1273,25.5,112.2,164,3.3,11.8,17.9,26,0.5,13.8,12,0.2,11.8,433,8.7,370,7.4,425,8.5,1270,25.4,3.9,0.077,277,564,49.1
Maxi Kleber,F,LAL,33,34,18,16,637,18.7,112.3,70,2.1,10.5,16.4,9,0.3,10.2,17,0.5,23.6,232,6.8,198,5.8,190,5.6,644,18.9,2,0.058,175,352,49.7
Maxwell Lewis,F,BKN,22,28,9,19,328,11.7,110.7,37,1.3,11.8,17.5,9,0.3,15.5,7,0.3,25,119,4.3,83,3,117,4.2,356,12.7,1.2,0.041,57,114,50
Micah Potter,C,UTA,27,38,10,28,705,18.6,116.2,121,3.2,15.3,23.3,14,0.4,14.9,14,0.4,24.6,260,6.8,247,6.5,277,7.3,738,19.4,1.3,0.035,161,368,43.8
Michael Porter Jr.,F,DEN,27,77,47,30,2593,33.7,115.4,402,5.2,14.6,22,50,0.6,11.9,38,0.5,14.3,965,12.5,785,10.2,947,12.3,2876,37.4,5.5,0.071,411,853,48.2
Mikal Bridges,G-F,NYK,28,82,51,31,3036,37,112.9,188,2.3,6.3,9.5,75,0.9,14.7,43,0.5,17.6,973,11.9,807,9.8,937,11.4,3170,38.7,8.7,0.106,483,1040,46.4
Mike Conley,G,MIN,37,71,44,27,1756,24.7,109,150,2.1,8.5,12.4,79,1.1,26.4,14,0.2,7.6,591,8.3,450,6.3,543,7.6,1724,24.3,6.9,0.097,295,610,48.4
Miles Bridges,F,CHA,27,64,16,48,2029,31.7,113.6,409,6.4,18.9,28.2,44,0.7,14.9,45,0.7,23.2,771,12,571,8.9,713,11.1,2068,32.3,5.5,0.085,346,816,42.4
Miles McBride,G,NYK,24,64,39,25,1593,24.9,109.7,114,1.8,6.9,10.8,67,1,22.1,17,0.3,11.3,506,7.9,411,6.4,462,7.2,1580,24.7,6,0.095,277,626,44.2
Miles Norris,F,BOS,25,3,2,1,35,11.6,110.9,7,2.3,17.1,28,2,0.7,66.7,1,0.3,100,9,3,10,3.3,6,2,36,12,0.1,0.036,1,6,16.7
Mitchell Robinson,C-F,NYK,27,17,10,7,290,17.1,108.2,49,2.9,17.6,28.8,16,0.9,26.7,18,1.1,54.5,115,6.8,100,5.9,85,5,316,18.6,1.2,0.071,59,128,46.1
Mo Bamba,C,NOP,27,32,19,13,413,12.9,112.5,113,3.5,26.8,38.7,9,0.3,13.6,31,1,64.6,160,5,96,3,118,3.7,364,11.4,1.2,0.037,105,238,44.1
Monté Morris,G,PHX,30,45,21,24,571,12.7,108.3,55,1.2,8.8,14.5,20,0.4,21.7,3,0.1,4.1,227,5,175,3.9,187,4.2,578,12.8,2.4,0.053,84,198,42.4
Moritz Wagner,F-C,ORL,28,30,18,12,564,18.8,107,108,3.6,20.1,31.3,24,0.8,20.2,12,0.4,15,231,7.7,132,4.4,159,5.3,516,17.2,2.6,0.088,121,236,51.3
Moses Brown,C,DAL,25,13,5,8,119,9.1,105.9,32,2.5,22.4,36.4,6,0.5,27.3,4,0.3,50,47,3.6,43,3.3,40,3.1,134,10.3,0.6,0.048,35,78,44.9
Moses Moody,G,GSW,23,74,45,29,1649,22.3,108.9,137,1.9,8.4,12.3,59,0.8,17.3,31,0.4,20.7,540,7.3,398,5.4,502,6.8,1492,20.2,6.6,0.09,290,608,47.7
Mouhamed Gueye,F,ATL,22,33,15,18,533,16.1,104.7,95,2.9,17.9,25.1,28,0.8,22,33,1,47.8,182,5.5,101,3.1,183,5.5,546,16.5,2.8,0.084,91,205,44.4
Moussa Diabaté,F,CHA,23,71,15,56,1241,17.5,110.3,251,3.5,20.9,32.2,46,0.6,22,40,0.6,34.8,507,7.1,342,4.8,368,5.2,1198,16.9,4.4,0.062,309,646,47.8
Myles Turner,C-F,IND,29,72,44,28,2174,30.2,111.5,381,5.3,16.9,25.2,54,0.8,15.9,144,2,54.8,701,9.7,624,8.7,514,7.1,2278,31.6,7,0.097,522,1075,48.6
N'Faly Dante,C,HOU,23,4,0,4,51,12.7,123.5,15,3.8,26.8,38.5,1,0.3,20,5,1.3,50,23,5.8,19,4.8,14,3.5,46,11.5,0,-0.003,16,32,50
Nae'Qwan Tomlin,F,CLE,24,5,4,1,63,12.7,92,12,2.4,14.5,20,0,0,0,1,0.2,12.5,20,4,13,2.6,26,5.2,70,14,0.6,0.116,10,25,40
Naji Marshall,F,DAL,27,69,32,37,1919,27.8,114.7,252,3.7,12.5,19.5,70,1,22.4,11,0.2,5.7,711,10.3,643,9.3,596,8.6,2202,31.9,4.5,0.065,329,704,46.7
Nate Williams,G,HOU,26,20,14,6,147,7.3,116.8,8,0.4,5.3,7.8,8,0.4,28.6,4,0.2,22.2,58,2.9,53,2.7,47,2.4,162,8.1,0.3,0.014,29,55,52.7
Naz Reid,C-F,MIN,25,80,47,33,2200,27.5,108.8,388,4.9,17.1,25.7,58,0.7,16.4,72,0.9,30.4,768,9.6,599,7.5,571,7.1,2170,27.1,8.9,0.112,430,948,45.4
Neemias Queta,C,BOS,25,62,46,16,863,13.9,108.3,147,2.4,16.8,26.4,18,0.3,12.8,42,0.7,43.8,236,3.8,264,4.3,197,3.2,842,13.6,3.5,0.057,228,497,45.9
Nic Claxton,C,BKN,26,70,20,50,1882,26.9,116.2,358,5.1,19.8,30.4,62,0.9,20.5,100,1.4,54.1,795,11.4,484,6.9,709,10.1,1966,28.1,3.6,0.051,419,841,49.8
Nick Richards,C,PHX,27,57,17,40,1256,22,120.9,318,5.6,24.3,35,14,0.2,9.9,55,1,43.7,514,9,374,6.6,484,8.5,1288,22.6,0.7,0.012,404,817,49.4
Nick Smith Jr.,G,CHA,21,60,14,46,1369,22.8,116.4,115,1.9,8,12.3,17,0.3,8.6,6,0.1,5,538,9,381,6.4,522,8.7,1446,24.1,2.5,0.042,234,455,51.4
Nickeil Alexander-Walker,G,MIN,26,82,49,33,2073,25.3,108.5,211,2.6,9.8,15.1,50,0.6,14.9,34,0.4,16.3,727,8.9,624,7.6,540,6.6,2052,25,8.6,0.105,399,825,48.4
Nicolas Batum,G-F,LAC,36,78,47,31,1367,17.5,104.7,171,2.2,11.7,17.3,52,0.7,20.9,36,0.5,24.7,483,6.2,355,4.6,429,5.5,1280,16.4,7.2,0.093,197,499,39.5
Nikola Joki?,C,DEN,30,70,46,24,2571,36.7,115.1,692,9.9,25.2,37.7,127,1.8,29.5,45,0.6,19.4,883,12.6,748,10.7,829,11.8,2738,39.1,5.7,0.082,703,1436,49
Nikola Jovi?,F,MIA,22,46,21,25,1156,25.1,110.7,154,3.3,12.7,19.3,38,0.8,21.7,13,0.3,15.1,399,8.7,308,6.7,365,7.9,1172,25.5,4,0.088,232,531,43.7
Nikola Vu?evi?,C,CHI,34,73,34,39,2278,31.2,116,557,7.6,22.8,32.7,61,0.8,17.5,52,0.7,26.1,873,12,685,9.4,749,10.3,2712,37.2,4.4,0.061,620,1306,47.5
Noah Clowney,F-C,BKN,20,46,11,35,1042,22.7,115.2,138,3,13.8,21,24,0.5,15.2,21,0.5,25,410,8.9,320,7,326,7.1,1000,21.7,2.3,0.049,231,502,46
Norman Powell,G,LAC,32,60,39,21,1958,32.6,107.4,169,2.8,8.5,12.2,73,1.2,18.8,9,0.2,5.1,701,11.7,476,7.9,603,10.1,1858,31,8.8,0.146,257,520,49.4
OG Anunoby,F-G,NYK,27,74,45,29,2706,36.6,112.3,261,3.5,9.8,14.7,110,1.5,24.3,65,0.9,28.1,825,11.1,714,9.6,834,11.3,2712,36.6,8.1,0.109,450,1005,44.8
Obi Toppin,F,IND,27,79,48,31,1545,19.6,116.1,262,3.3,16.7,26.3,46,0.6,17.6,28,0.4,15.1,556,7,437,5.5,515,6.5,1806,22.9,3,0.038,289,579,49.9
Ochai Agbaji,G,TOR,25,64,19,45,1739,27.2,112.2,181,2.8,9.8,14.9,58,0.9,20.9,30,0.5,19.6,705,11,531,8.3,583,9.1,1772,27.7,5.3,0.083,296,676,43.8
Olivier-Maxence Prosper,F,DAL,22,52,27,25,584,11.2,109.5,82,1.6,13.7,21.1,26,0.5,21.7,6,0.1,9.8,228,4.4,163,3.1,217,4.2,630,12.1,2.3,0.044,119,267,44.6
Onyeka Okongwu,F-C,ATL,24,74,35,39,2064,27.9,113.7,440,5.9,21.3,31.9,69,0.9,15.8,68,0.9,30.8,846,11.4,552,7.5,711,9.6,2146,29,5.4,0.073,503,998,50.4
Orlando Robinson,C,TOR,24,44,23,21,770,17.5,109.2,131,3,16.1,24.7,17,0.4,12.9,16,0.4,25.8,282,6.4,240,5.5,278,6.3,794,18,3,0.069,198,446,44.4
Oscar Tshiebwe,F-C,UTA,25,14,3,11,255,18.2,115.8,76,5.4,28.6,40.9,13,0.9,31,1,0.1,8.3,103,7.4,79,5.6,88,6.3,268,19.1,0.5,0.036,76,148,51.4
Oshae Brissett,F-G,PHI,27,6,1,5,142,23.7,124.3,15,2.5,11.5,20.3,4,0.7,12.5,3,0.5,27.3,36,6,56,9.3,43,7.2,144,24,-0.1,-0.011,32,59,54.2
Oso Ighodaro,F,PHX,22,61,25,36,1046,17.1,110,156,2.6,14.3,22.4,28,0.5,15.3,29,0.5,26.1,360,5.9,302,5,316,5.2,1052,17.2,3.8,0.063,234,504,46.4
Ousmane Dieng,F,OKC,22,37,30,7,405,10.9,99.2,63,1.7,14.2,20.7,17,0.5,20.5,7,0.2,15.9,118,3.2,115,3.1,115,3.1,356,9.6,2.8,0.075,75,176,42.6
P.J. Tucker,F,NYK,40,3,1,2,58,19.3,127.4,4,1.3,10.3,16,1,0.3,7.7,1,0.3,20,20,6.7,10,3.3,18,6,64,21.3,-0.1,-0.025,15,23,65.2
P.J. Washington,F,DAL,26,57,31,26,1835,32.2,113.2,360,6.3,18.3,27.6,63,1.1,21.2,60,1.1,24.7,655,11.5,560,9.8,609,10.7,1978,34.7,5.1,0.09,401,799,50.2
PJ Dozier,G-F,MIN,28,9,7,2,35,3.9,107.8,4,0.4,12.5,21.1,1,0.1,14.3,0,0,0,21,2.3,13,1.4,16,1.8,48,5.3,0.2,0.018,4,9,44.4
PJ Hall,C,DEN,23,19,12,7,66,3.5,91.3,16,0.8,21.9,32.7,0,0,0,4,0.2,57.1,30,1.6,14,0.7,6,0.3,44,2.3,0.6,0.031,8,32,25
Pacôme Dadiet,F,NYK,19,18,14,4,111,6.2,113,15,0.8,12.8,19.5,3,0.2,27.3,2,0.1,20,40,2.2,37,2.1,30,1.7,116,6.4,0.3,0.017,24,46,52.2
Paolo Banchero,F,ORL,22,46,21,25,1582,34.4,109.6,294,6.4,19.2,28.4,36,0.8,13.3,28,0.6,16.7,559,12.2,408,8.9,481,10.5,1524,33.1,6,0.13,270,605,44.6
Pascal Siakam,F,IND,31,78,47,31,2548,32.7,108.9,407,5.2,15.4,23.3,70,0.9,15.3,42,0.5,15.5,750,9.6,734,9.4,591,7.6,2580,33.1,10.1,0.13,531,1147,46.3
Pat Connaughton,G,MIL,32,41,19,22,603,14.7,114.6,90,2.2,14,21.4,9,0.2,11.8,11,0.3,15.3,224,5.5,182,4.4,152,3.7,574,14,1.4,0.034,134,271,49.4
Pat Spencer,G,GSW,28,39,24,15,250,6.4,107.8,31,0.8,13.1,19.9,14,0.4,23,3,0.1,12.5,97,2.5,76,1.9,63,1.6,230,5.9,1.1,0.029,44,83,53
Patrick Baldwin Jr.,F,LAC,22,24,3,21,107,4.4,102.1,20,0.8,18.9,28.2,3,0.1,17.6,2,0.1,18.2,33,1.4,26,1.1,35,1.5,78,3.3,0.7,0.028,14,29,48.3
Patrick Williams,F,CHI,23,63,31,32,1576,25,113.5,194,3.1,11.3,16.5,48,0.8,18.1,32,0.5,23.2,631,10,490,7.8,476,7.6,1826,29,4.3,0.068,319,619,51.5
Patty Mills,G,LAC,36,29,12,17,321,11.1,108,18,0.6,5.1,8,13,0.4,22,3,0.1,11.1,130,4.5,106,3.7,104,3.6,296,10.2,1.4,0.049,55,116,47.4
Paul George,F,PHI,35,41,15,26,1334,32.5,112.2,195,4.8,15.3,23.2,75,1.8,25.6,20,0.5,18.9,465,11.3,356,8.7,415,10.1,1290,31.5,4.1,0.099,225,487,46.2
Paul Reed,F,DET,26,45,22,23,438,9.7,105.7,83,1.8,19.7,31.3,39,0.9,35.1,25,0.6,58.1,147,3.3,135,3,125,2.8,388,8.6,2.2,0.048,115,238,48.3
Payton Pritchard,G,BOS,27,80,59,21,2271,28.4,108.9,205,2.6,8.7,13.3,70,0.9,19.8,14,0.2,5.8,585,7.3,623,7.8,567,7.1,2118,26.5,9,0.112,329,741,44.4
Pelle Larsson,G,MIA,24,55,24,31,782,14.2,108.7,64,1.2,8.1,11.9,32,0.6,23.2,7,0.1,12.7,256,4.7,196,3.6,233,4.2,790,14.4,3.2,0.059,176,366,48.1
Pete Nance,F,MIL,25,13,8,5,138,10.6,114.8,16,1.2,11.5,18,2,0.2,12.5,2,0.2,25,54,4.2,51,3.9,29,2.2,132,10.2,0.3,0.023,42,76,55.3
Peyton Watson,G,DEN,22,68,40,28,1656,24.3,113.9,186,2.7,10.3,15.8,48,0.7,17,93,1.4,45.1,624,9.2,520,7.6,601,8.8,1722,25.3,4.3,0.063,328,749,43.8
Phillip Wheeler,F,PHI,23,5,0,5,44,8.9,96.6,6,1.2,12.5,17.1,1,0.2,20,2,0.4,28.6,2,0.4,9,1.8,0,0,36,7.2,0.3,0.065,7,15,46.7
Precious Achiuwa,F,NYK,25,57,36,21,1170,20.5,111.4,216,3.8,18.8,28.9,47,0.8,21.9,42,0.7,41.6,452,7.9,281,4.9,387,6.8,1232,21.6,3.9,0.068,261,544,48
Quentin Grimes,G,PHI,25,75,29,46,2013,26.8,118.1,265,3.5,12.6,20.3,74,1,22.8,22,0.3,9.9,741,9.9,675,9,671,8.9,2146,28.6,2.8,0.037,329,724,45.4
Quenton Jackson,G,IND,26,28,14,14,381,13.6,110.1,30,1.1,7.9,11.9,21,0.8,28.8,5,0.2,10.9,134,4.8,103,3.7,101,3.6,392,14,1.4,0.051,87,168,51.8
Quincy Olivari,G,LAL,24,2,1,1,10,5.2,150,0,0,0,0,0,0,0,0,0,0,5,2.5,2,1,6,3,16,8,-0.1,-0.042,2,3,66.7
Quinten Post,C,GSW,25,42,26,16,686,16.3,109.1,113,2.7,16.6,24.4,16,0.4,13.7,18,0.4,25.7,221,5.3,159,3.8,242,5.8,604,14.4,2.7,0.064,174,381,45.7
RJ Barrett,F-G,TOR,25,58,23,35,1869,32.2,113.4,305,5.3,15.9,23.9,46,0.8,15.6,17,0.3,11.5,717,12.4,559,9.6,609,10.5,1914,33,5.1,0.088,343,711,48.2
RayJ Dennis,G,IND,24,11,7,4,70,6.4,86.3,10,0.9,11.6,17.5,7,0.6,36.8,2,0.2,14.3,22,2,13,1.2,28,2.5,56,5.1,0.8,0.069,17,32,53.1
Rayan Rupert,G-F,POR,21,52,23,29,460,8.8,109.8,44,0.8,9.7,15.6,16,0.3,19.5,4,0.1,12.1,221,4.3,134,2.6,172,3.3,498,9.6,1.8,0.034,61,157,38.9
Reece Beekman,G,BKN,23,36,13,23,469,13,110.4,26,0.7,6.1,9.4,33,0.9,37.1,2,0.1,5.9,170,4.7,113,3.1,134,3.7,488,13.6,1.7,0.047,69,141,48.9
Reed Sheppard,G,HOU,21,52,30,22,654,12.6,111.1,62,1.2,8.6,13,35,0.7,27.8,17,0.3,20.7,245,4.7,205,3.9,233,4.5,744,14.3,2.3,0.045,143,307,46.6
Reggie Jackson,G,PHI,35,31,11,20,384,12.4,111.8,34,1.1,9.3,14.5,16,0.5,22.9,3,0.1,10,122,3.9,102,3.3,106,3.4,338,10.9,1.2,0.039,79,153,51.6
Richaun Holmes,F,WAS,31,31,9,22,534,17.2,114.5,115,3.7,20.8,32.6,9,0.3,10.7,23,0.7,43.4,241,7.8,143,4.6,196,6.3,546,17.6,1.2,0.04,119,260,45.8
Ricky Council IV,G,PHI,23,73,16,57,1250,17.1,116,163,2.2,13,20.9,32,0.4,15.1,13,0.2,10,390,5.3,418,5.7,443,6.1,1356,18.6,2.5,0.034,194,420,46.2
Riley Minix,F,SAS,24,1,0,1,7,6.8,93.3,2,2,20,22.2,0,0,0,0,0,0,2,2,0,0,2,2,6,6,0.1,0.061,0,2,0
Rob Dillingham,G,MIN,20,49,30,19,516,10.5,111.1,38,0.8,7,11.6,20,0.4,25.3,1,0,2,163,3.3,169,3.4,139,2.8,548,11.2,1.8,0.037,80,185,43.2
Robert Williams III,C-F,POR,27,20,7,13,351,17.6,108.3,83,4.2,21.7,35.5,13,0.7,24.1,33,1.7,51.6,154,7.7,118,5.9,125,6.3,350,17.5,1.5,0.074,60,169,35.5
Ron Harper Jr.,G-F,DET,25,1,0,1,17,17,116.7,3,3,20,27.3,0,0,0,0,0,0,9,9,5,5,2,2,16,16,0,0.03,0,2,0
Ronald Holland II,F,DET,19,81,44,37,1266,15.6,110.9,178,2.2,13.6,21.2,49,0.6,22.6,17,0.2,13.1,491,6.1,414,5.1,385,4.8,1226,15.1,4.4,0.054,197,419,47
Royce O'Neale,F,PHX,32,75,33,42,1837,24.5,116.4,296,3.9,15.7,24.1,67,0.9,23.1,34,0.5,19.1,665,8.9,546,7.3,649,8.7,1940,25.9,3.4,0.046,341,726,47
Rudy Gobert,C,MIN,33,72,43,29,2388,33.2,107.6,520,7.2,21,31,56,0.8,14.1,104,1.4,40.6,891,12.4,676,9.4,719,10,2204,30.6,10.3,0.144,587,1281,45.8
Rui Hachimura,F,LAL,27,59,37,22,1869,31.7,110.9,216,3.7,11.1,16.4,45,0.8,15.8,26,0.4,14.9,614,10.4,531,9,610,10.3,1890,32,6.4,0.109,310,680,45.6
Russell Westbrook,G,DEN,36,75,43,32,2092,27.9,116.2,268,3.6,11.9,18.2,106,1.4,28.9,37,0.5,16.4,825,11,671,8.9,779,10.4,2258,30.1,4,0.054,278,601,46.3
Ryan Dunn,F,PHX,22,74,32,42,1410,19.1,115.1,175,2.4,11.7,17.9,44,0.6,20.1,40,0.5,25.6,472,6.4,420,5.7,429,5.8,1350,18.2,3.1,0.042,288,646,44.6
Ryan Rollins,G,MIL,22,56,30,26,820,14.6,108.6,87,1.6,9.8,14.7,42,0.8,32.6,17,0.3,20,313,5.6,231,4.1,218,3.9,772,13.8,3.4,0.061,126,289,43.6
Sam Hauser,F,BOS,27,71,52,19,1541,21.7,109.8,180,2.5,11.3,17.1,41,0.6,18.8,13,0.2,7.9,361,5.1,421,5.9,357,5,1502,21.2,5.7,0.08,274,545,50.3
Sam Merrill,G,CLE,29,71,54,17,1401,19.7,107.1,119,1.7,7.7,12.1,53,0.7,21.5,14,0.2,11.4,425,6,408,5.7,341,4.8,1256,17.7,6.3,0.089,234,538,43.5
Sandro Mamukelashvili,F-C,SAS,26,61,23,38,681,11.2,112.9,125,2,17.6,27.7,22,0.4,18,17,0.3,28.3,259,4.2,234,3.8,225,3.7,722,11.8,2,0.032,169,350,48.3
Santi Aldama,F-C,MEM,24,65,38,27,1660,25.5,112.6,322,5,18.1,27.8,52,0.8,16.5,29,0.4,16.9,673,10.4,521,8,615,9.5,1720,26.5,4.9,0.075,326,723,45.1
Scoot Henderson,G,POR,21,66,30,36,1759,26.7,113.7,146,2.2,8.3,13.1,68,1,21.7,13,0.2,7.2,755,11.4,566,8.6,601,9.1,1770,26.8,4.6,0.07,334,670,49.9
Scottie Barnes,F-G,TOR,23,65,26,39,2134,32.8,110.1,393,6,17.6,26.6,93,1.4,26.2,63,1,32,751,11.6,603,9.3,664,10.2,2106,32.4,7.9,0.121,399,874,45.7
Scotty Pippen Jr.,G,MEM,24,79,46,33,1683,21.3,109.7,194,2.5,10.5,16.3,103,1.3,29.9,30,0.4,14.9,667,8.4,526,6.7,545,6.9,1628,20.6,6.4,0.081,322,705,45.7
Seth Curry,G,CHA,34,68,17,51,1062,15.6,114.1,89,1.3,8.1,12.1,27,0.4,18.6,7,0.1,7,439,6.5,314,4.6,402,5.9,1044,15.4,2.6,0.039,152,312,48.7
Shaedon Sharpe,G,POR,22,72,32,40,2252,31.3,114.4,256,3.6,11.4,17.6,62,0.9,16.4,16,0.2,6.6,873,12.1,669,9.3,810,11.3,2366,32.9,5.4,0.075,351,716,49
Shai Gilgeous-Alexander,G,OKC,26,76,63,13,2598,34.2,105.7,312,4.1,11.2,16.9,131,1.7,23,77,1,23.1,655,8.6,832,10.9,653,8.6,2298,30.2,12.8,0.168,419,949,44.2
Shake Milton,G,LAL,28,57,29,28,836,14.7,113.1,73,1.3,8.6,13.2,25,0.4,18.8,4,0.1,5.2,328,5.8,253,4.4,256,4.5,806,14.1,2.3,0.041,136,265,51.3
Sidy Cissoko,G,POR,21,22,11,11,114,5.2,89,13,0.6,10,14.1,2,0.1,11.1,1,0,5.9,40,1.8,18,0.8,36,1.6,102,4.6,1.1,0.052,17,28,60.7
Simone Fontecchio,F,DET,29,75,38,37,1237,16.5,109.5,163,2.2,12.7,18.9,31,0.4,15.2,12,0.2,9.2,490,6.5,361,4.8,387,5.2,1226,16.3,4.8,0.065,219,451,48.6
Skal Labissiere,F-C,SAC,29,4,2,2,12,3,128,2,0.5,22.2,40,0,0,0,0,0,0,5,1.3,0,0,5,1.3,6,1.5,0,-0.005,1,1,100
Spencer Dinwiddie,G,DAL,32,79,37,42,2136,27,115.1,191,2.4,8.6,13.1,70,0.9,21.6,17,0.2,7.7,740,9.4,691,8.7,737,9.3,2404,30.4,4.7,0.06,358,762,47
Spencer Jones,F,DEN,24,20,13,7,125,6.2,107.4,9,0.5,6.7,9.7,5,0.3,26.3,5,0.3,33.3,63,3.2,30,1.5,36,1.8,122,6.1,0.6,0.028,10,33,30.3
Stanley Umude,G,MIL,26,22,15,7,86,3.9,95.8,13,0.6,13.1,20.6,3,0.1,17.6,6,0.3,37.5,58,2.6,20,0.9,24,1.1,54,2.5,0.7,0.032,18,37,48.6
Stephen Curry,G,GSW,37,70,41,29,2252,32.2,112.7,270,3.9,11.8,17.5,80,1.1,17.6,30,0.4,14,784,11.2,587,8.4,761,10.9,2210,31.6,6.6,0.095,296,658,45
Stephon Castle,G,SAS,20,81,33,48,2162,26.7,116.6,208,2.6,9.2,14.5,74,0.9,19.7,22,0.3,9.1,825,10.2,755,9.3,696,8.6,2378,29.4,3.9,0.048,432,902,47.9
Steven Adams,C,HOU,31,58,38,20,794,13.7,105.9,161,2.8,19.3,28.3,22,0.4,17.7,28,0.5,34.6,301,5.2,201,3.5,225,3.9,750,12.9,3.8,0.066,211,438,48.2
Svi Mykhailiuk,G-F,UTA,28,38,6,32,760,20,117.7,68,1.8,8.5,13.1,19,0.5,16.7,7,0.2,10,298,7.8,255,6.7,306,8.1,808,21.3,1.1,0.029,141,277,50.9
T.J. McConnell,G,IND,33,79,49,30,1415,17.9,113.8,149,1.9,10.4,16,83,1.1,33.2,21,0.3,13.8,512,6.5,392,5,410,5.2,1518,19.2,3.7,0.047,235,526,44.7
Taj Gibson,F,CHA,40,37,10,27,409,11.1,110.4,69,1.9,15.1,23.5,9,0.2,16.7,18,0.5,48.6,167,4.5,122,3.3,151,4.1,398,10.8,1.5,0.04,72,198,36.4
Talen Horton-Tucker,G,CHI,24,58,26,32,724,12.5,109.8,81,1.4,9.7,14.3,21,0.4,18.4,11,0.2,12.2,269,4.6,239,4.1,183,3.2,752,13,2.8,0.048,130,306,42.5
Tari Eason,F,HOU,24,57,36,21,1420,24.9,109.2,234,4.1,15.8,23.9,97,1.7,35.1,50,0.9,33.6,489,8.6,397,7,411,7.2,1468,25.8,5.7,0.1,241,546,44.1
Taurean Prince,F,MIL,31,80,46,34,2166,27.1,114.5,253,3.2,11,16.3,76,1,23.2,15,0.2,6.3,767,9.6,640,8,754,9.4,2234,27.9,5.2,0.065,354,749,47.3
Taylor Hendricks,F,UTA,21,3,0,3,75,24.8,109.2,10,3.3,11.5,17.9,5,1.7,33.3,4,1.3,33.3,31,10.3,34,11.3,23,7.7,86,28.7,0.3,0.1,15,36,41.7
Taze Moore,G,POR,27,2,0,2,20,9.9,77.3,4,2,16,26.7,2,1,66.7,0,0,0,11,5.5,7,3.5,11,5.5,18,9,0.3,0.138,1,7,14.3
Terance Mann,G-F,ATL,28,67,37,30,1414,21.1,115.2,131,2,9.4,14.2,47,0.7,19.4,15,0.2,10.6,525,7.8,410,6.1,452,6.7,1454,21.7,3,0.045,231,503,45.9
Terence Davis,G,SAC,28,1,1,0,8,7.9,106.7,1,1,11.1,14.3,0,0,0,0,0,0,2,2,0,0,0,0,10,10,0,0.034,2,5,40
Terrence Shannon Jr.,G-F,MIN,24,32,21,11,339,10.6,107,37,1.2,10,15.9,7,0.2,13,5,0.2,17.9,125,3.9,97,3,101,3.2,356,11.1,1.6,0.05,50,104,48.1
Terry Rozier,G,MIA,31,64,27,37,1658,25.9,112.3,194,3,11.3,16.4,37,0.6,13,14,0.2,10.9,556,8.7,429,6.7,565,8.8,1626,25.4,5.1,0.079,291,596,48.8
Terry Taylor,F,SAC,25,3,1,2,6,2.1,71.4,0,0,0,0,0,0,0,0,0,0,2,0.7,0,0,2,0.7,8,2.7,0.1,0.033,0,1,0
Thomas Bryant,C-F,IND,27,66,44,22,963,14.6,113.4,168,2.5,16.9,26.8,28,0.4,15.9,41,0.6,42.7,322,4.9,309,4.7,307,4.7,1058,16,2.6,0.04,221,449,49.2
Tidjane Salaün,F,CHA,19,60,12,48,1244,20.7,111.2,210,3.5,16.8,25.2,29,0.5,14.2,14,0.2,14.3,539,9,316,5.3,412,6.9,1198,20,4.1,0.069,225,485,46.4
Tim Hardaway Jr.,G-F,DET,33,77,41,36,2153,28,114.2,165,2.1,7.5,11.2,38,0.5,11.2,7,0.1,3.2,801,10.4,629,8.2,668,8.7,2086,27.1,5.3,0.068,353,746,47.3
Tobias Harris,F,DET,32,73,40,33,2305,31.6,110.8,367,5,15.5,22.4,74,1,20.3,57,0.8,21.7,845,11.6,622,8.5,724,9.9,2158,29.6,7.9,0.109,414,871,47.5
Tolu Smith,F,DET,24,1,0,1,22,22.4,104.4,4,4,20,25,0,0,0,0,0,0,11,11,4,4,2,2,16,16,0.1,0.113,8,17,47.1
Tony Bradley,C-F,IND,27,14,11,3,113,8.1,93.6,24,1.7,19.2,25.8,2,0.1,9.5,9,0.6,64.3,53,3.8,13,0.9,41,2.9,114,8.1,1,0.071,25,59,42.4
Torrey Craig,F,BOS,34,26,16,10,314,12.1,109.8,46,1.8,13.8,21.9,8,0.3,14.8,12,0.5,34.3,94,3.6,61,2.3,77,3,304,11.7,1.2,0.046,59,146,40.4
Tosan Evbuomwan,F,BKN,24,28,8,20,665,23.7,108.4,88,3.1,13.6,19.9,24,0.9,20.9,10,0.4,17.9,240,8.6,180,6.4,198,7.1,656,23.4,2.8,0.099,112,245,45.7
Toumani Camara,F,POR,25,78,33,45,2548,32.7,113.3,277,3.6,11,16.9,116,1.5,26.5,50,0.6,18.7,1059,13.6,778,10,950,12.2,2528,32.4,6.9,0.088,497,1013,49.1
Trae Young,G,ATL,26,76,36,40,2739,36,114.6,200,2.6,7.2,11,91,1.2,16.3,12,0.2,4.1,1073,14.1,813,10.7,966,12.7,2970,39.1,6.5,0.086,436,903,48.3
Trayce Jackson-Davis,F,GSW,25,62,33,29,967,15.6,111.3,189,3,19.2,28.2,23,0.4,13.4,38,0.6,36.5,345,5.6,273,4.4,316,5.1,960,15.5,3.2,0.052,229,476,48.1
Tre Jones,G,CHI,25,46,21,25,905,19.7,113.5,85,1.8,8.6,13.6,37,0.8,25.9,10,0.2,9,288,6.3,306,6.7,245,5.3,962,20.9,2.4,0.052,161,324,49.7
Tre Mann,G,CHA,24,13,6,7,319,24.5,114.4,26,2,7.9,12.3,7,0.5,16.3,4,0.3,12.5,132,10.2,97,7.5,99,7.6,324,24.9,0.8,0.06,52,119,43.7
Trendon Watford,G-F,BKN,24,44,16,28,913,20.7,109.4,123,2.8,13.2,20.5,27,0.6,19.6,12,0.3,13,391,8.9,276,6.3,299,6.8,906,20.6,3.5,0.08,169,371,45.6
Trentyn Flowers,F,LAC,20,6,4,2,27,4.4,101.7,3,0.5,9.7,14.3,0,0,0,0,0,0,14,2.3,11,1.8,7,1.2,38,6.3,0.2,0.029,5,10,50
Trevelin Queen,G,ORL,28,31,15,16,430,13.9,111.1,28,0.9,7.1,10.7,31,1,40.8,10,0.3,17.9,169,5.5,105,3.4,117,3.8,438,14.1,1.5,0.047,83,168,49.4
Trey Alexander,G,DEN,22,24,14,10,117,4.9,105.1,11,0.5,8.7,12.2,2,0.1,11.1,1,0,10,43,1.8,38,1.6,31,1.3,106,4.4,0.6,0.026,17,37,45.9
Trey Jemison III,C,LAL,25,38,17,21,392,10.3,107.8,61,1.6,14.1,22.8,9,0.2,13.8,15,0.4,39.5,169,4.4,150,3.9,139,3.7,390,10.3,1.7,0.045,87,190,45.8
Trey Lyles,F,SAC,29,69,34,35,1350,19.6,113.8,236,3.4,17.7,26.8,41,0.6,17.7,23,0.3,17.8,469,6.8,378,5.5,374,5.4,1318,19.1,3.5,0.051,303,617,49.1
Trey Murphy III,F,NOP,25,53,14,39,1854,35,118.7,221,4.2,11.7,18.2,56,1.1,17.3,39,0.7,18.8,729,13.8,621,11.7,734,13.8,2038,38.5,2.2,0.041,384,745,51.5
Tristan Thompson,C-F,CLE,34,40,31,9,328,8.2,109.8,102,2.6,27.1,40.5,2,0.1,5.3,11,0.3,35.5,120,3,102,2.6,106,2.7,318,8,1.2,0.031,78,184,42.4
Tristan Vukcevic,F,WAS,22,35,7,28,513,14.6,114.3,104,3,18.6,29.5,11,0.3,15.9,23,0.7,48.9,187,5.3,181,5.2,194,5.5,558,15.9,1.3,0.036,156,303,51.5
Tristan da Silva,F,ORL,24,74,35,39,1629,22,110.3,172,2.3,11.4,17.1,33,0.4,11.1,18,0.2,9,628,8.5,406,5.5,465,6.3,1614,21.8,5.8,0.079,247,542,45.6
Tristen Newton,G,MIN,24,8,2,6,16,2,97.6,2,0.3,11.1,22.2,1,0.1,20,0,0,0,6,0.8,8,1,7,0.9,18,2.3,0.1,0.018,3,8,37.5
Ty Jerome,G-F,CLE,27,70,55,15,1392,19.9,110.4,123,1.8,8.3,12.8,78,1.1,31.1,3,0,2.6,477,6.8,443,6.3,384,5.5,1366,19.5,5,0.071,264,535,49.3
TyTy Washington Jr.,G,PHX,23,16,4,12,118,7.4,105.7,9,0.6,7,12.2,3,0.2,15.8,0,0,0,28,1.8,44,2.8,28,1.8,140,8.8,0.6,0.037,12,34,35.3
Tyler Herro,G,MIA,25,77,37,40,2725,35.4,112.6,364,4.7,13.2,19.5,69,0.9,15.1,17,0.2,7.7,942,12.2,741,9.6,834,10.8,2788,36.2,7.9,0.103,449,925,48.5
Tyler Kolek,G,NYK,24,41,27,14,296,7.2,104.4,19,0.5,5.9,8.6,12,0.3,30,4,0.1,16.7,99,2.4,81,2,69,1.7,330,8,1.6,0.04,51,100,51
Tyler Smith,F,MIL,20,23,12,11,122,5.3,96.3,19,0.8,14.3,23.8,3,0.1,13,4,0.2,44.4,59,2.6,41,1.8,24,1,98,4.3,1,0.043,16,44,36.4
Tyrese Haliburton,G,IND,25,73,46,27,2450,33.6,114.2,216,3,8.7,13.2,105,1.4,26.4,49,0.7,16.8,762,10.4,721,9.9,636,8.7,2706,37.1,6,0.082,409,867,47.2
Tyrese Martin,F,BKN,26,60,16,44,1315,21.9,113.4,161,2.7,13.3,19.5,34,0.6,15.3,9,0.2,8.4,559,9.3,340,5.7,453,7.6,1360,22.7,3.6,0.06,244,487,50.1
Tyrese Maxey,G,PHI,24,52,20,32,1960,37.7,117.4,159,3.1,8.7,13.8,91,1.8,22.8,21,0.4,13,644,12.4,589,11.3,646,12.4,2062,39.7,3,0.058,284,626,45.4
Tyson Etienne,G,BKN,25,7,1,6,151,21.6,119.3,6,0.9,4.6,6.3,3,0.4,10.3,1,0.1,11.1,60,8.6,38,5.4,66,9.4,170,24.3,0.2,0.024,20,37,54.1
Tyus Jones,G,PHX,29,81,36,45,2174,26.8,116.1,156,1.9,6.9,10.5,69,0.9,21.6,8,0.1,3.9,793,9.8,653,8.1,799,9.9,2300,28.4,4.2,0.052,335,700,47.9
Ulrich Chomche,C,TOR,19,7,3,4,32,4.6,140.3,4,0.6,18.2,28.6,0,0,0,1,0.1,50,11,1.6,9,1.3,15,2.1,36,5.1,-0.1,-0.021,15,19,78.9
Vasilije Micic,G,PHX,31,41,8,33,785,19.1,109.4,69,1.7,8.5,12.9,15,0.4,12.7,0,0,0,326,8,222,5.4,286,7,826,20.1,3,0.073,117,253,46.2
Victor Wembanyama,F-C,SAS,21,46,21,25,1527,33.2,110,424,9.2,25.5,38.9,52,1.1,21.4,176,3.8,74.9,528,11.5,473,10.3,494,10.7,1444,31.4,5.6,0.122,362,848,42.7
Vince Williams Jr.,G,MEM,24,27,10,17,499,18.5,116.2,76,2.8,15,22.4,12,0.4,13.5,7,0.3,12.1,231,8.6,142,5.3,188,7,526,19.5,0.9,0.035,98,183,53.6
Vlatko ?an?ar,F,DEN,28,13,2,11,136,10.4,100.3,26,2,17,27.1,3,0.2,11.1,2,0.2,12.5,57,4.4,42,3.2,52,4,128,9.8,0.9,0.068,18,47,38.3
Vít Krej?í,G,ATL,25,57,28,29,1153,20.2,111.6,134,2.4,11.6,16.9,36,0.6,16.7,26,0.5,21.8,459,8.1,318,5.6,373,6.5,1262,22.1,3.6,0.064,210,447,47
Walker Kessler,C,UTA,23,58,14,44,1740,30,118.3,441,7.6,23.5,34.6,36,0.6,17.6,138,2.4,68.7,826,14.2,564,9.7,763,13.2,1792,30.9,2.2,0.038,501,1144,43.8
Wendell Carter Jr.,C-F,ORL,26,68,31,37,1758,25.9,107.8,341,5,20.2,29.5,52,0.8,16,41,0.6,23.3,600,8.8,413,6.1,510,7.5,1726,25.4,7.6,0.112,349,756,46.2
Wendell Moore Jr.,G,CHA,23,36,11,25,499,13.9,112,65,1.8,13.2,20.1,20,0.6,21.3,5,0.1,9.4,201,5.6,145,4,198,5.5,514,14.3,1.6,0.044,86,173,49.7
Xavier Tillman,F,BOS,26,33,26,7,231,7,108.9,33,1,14.6,23.4,11,0.3,26.2,5,0.2,21.7,78,2.4,48,1.5,70,2.1,214,6.5,0.9,0.028,59,110,53.6
Yuki Kawamura,G,MEM,24,22,17,5,93,4.2,102.5,12,0.5,11.4,18.2,2,0.1,12.5,0,0,0,35,1.6,37,1.7,29,1.3,120,5.5,0.6,0.025,20,32,62.5
Yuri Collins,G,GSW,24,2,2,0,16,8.2,111.4,1,0.5,7.1,12.5,2,1,33.3,0,0,0,6,3,10,5,0,0,18,9,0.1,0.027,3,4,75
Yves Missi,C,NOP,21,73,19,54,1956,26.8,120.5,346,4.7,17.7,27.9,37,0.5,10.9,98,1.3,46.2,812,11.1,660,9,779,10.7,2214,30.3,1.3,0.018,571,1090,52.4
Zaccharie Risacher,F,ATL,20,75,38,37,1843,24.6,115,182,2.4,9.9,14.7,52,0.7,13.1,37,0.5,18.9,766,10.2,508,6.8,697,9.3,2020,26.9,4.1,0.055,410,826,49.6
Zach Collins,F-C,CHI,27,64,34,30,977,15.3,109.9,186,2.9,17.7,26.6,29,0.5,16.9,29,0.5,33.3,344,5.4,269,4.2,260,4.1,952,14.9,3.6,0.056,261,591,44.2
Zach Edey,C,MEM,23,66,35,31,1416,21.5,111.5,316,4.8,20.4,29.8,36,0.5,16.5,85,1.3,50.9,618,9.4,396,6,511,7.7,1372,20.8,4.6,0.069,411,873,47.1
Zach LaVine,G,SAC,30,74,32,42,2602,35.2,116.8,293,4,10.7,15.5,58,0.8,15.6,12,0.2,5.4,935,12.6,773,10.4,870,11.8,2906,39.3,4.6,0.062,438,966,45.3
Zeke Nnaji,F-C,DEN,24,57,36,21,608,10.7,108.9,57,1,8.1,12.3,25,0.4,25.8,38,0.7,43.7,229,4,227,4,208,3.6,586,10.3,2.5,0.043,145,340,42.6
Ziaire Williams,F,BKN,23,63,22,41,1541,24.5,116.2,226,3.6,15.4,23.8,62,1,24.4,28,0.4,18.4,592,9.4,415,6.6,544,8.6,1610,25.6,3,0.047,299,629,47.5
Zion Williamson,F,NOP,24,30,10,20,857,28.6,115.5,140,4.7,15.2,24.3,37,1.2,26.8,27,0.9,24.3,286,9.5,286,9.5,278,9.3,906,30.2,1.9,0.062,132,305,43.3
Zyon Pullin,G,MEM,24,3,1,2,3,0.9,66.7,0,0,0,0,0,0,0,0,0,0,0,0,0,0,0,0,4,1.3,0,0.015,1,2,50
